plate_id,well,sample_id,organism,condition,replicate,filename,notes,parsed_source,parsed_date,parsed_chamber,parent_uuid,1_Date,ec5_branch_owner_uuid,ec5_branch_uuid,created_at,uploaded_at,title,9_Which_chamber,11_Media_level_at_ar,12_Media_added,13_Burp_volume,14_Volume_when_leavi,16_Exudate_present,17_Collect_exudate,18_Vol_collected_mL,19_Vol_total_mL,20_Hex_Code,21_Color_of_Exudate,22_Solid_Material_Pr,23_Notes_on_Exudate,25_Took_photos_today,26_1,27_2,28_3,29_4,30_5,31_6,32_7,33_8,34_9,35_10,36_11,37_12,38_13,39_14,40_15,41_16,42_17,43_18,44_19,45_20,46_21,47_22,48_23,49_24,50_25,51_26,52_27,53_28,54_29,55_30,56_Morphology_notes_
PLATE_02,A1,SAM_D1_0702_A1,Pleurotus ostreatus,High_RH_Old,1.0,PLATE_02_A1.mzML,Drop 1 video 1,D1,02/07/2026,A1,1adbaf60-9206-11f1-9518-87ccf2fafc79,02/07/2026,1adbaf60-9206-11f1-9518-87ccf2fafc79,b7a378ab-191f-447f-8c44-c2336f1fbae8,2026-08-29T19:04:24.000Z,2026-08-29T19:04:26.000Z,A1,A1,28.0,No,4.0,16.0,Yes,Yes,11.0,11.0,#bc9934,Yellow,,,No,,,,,,,,,,,,,,,,,,,,,,,,,,,,,,,
PLATE_02,A2,SAM_D1_0702_A1,Pleurotus ostreatus,High_RH_Old,2.0,PLATE_02_A2.mzML,Drop 1 video 1,D1,02/07/2026,A1,1adbaf60-9206-11f1-9518-87ccf2fafc79,02/07/2026,1adbaf60-9206-11f1-9518-87ccf2fafc79,b7a378ab-191f-447f-8c44-c2336f1fbae8,2026-08-29T19:04:24.000Z,2026-08-29T19:04:26.000Z,A1,A1,28.0,No,4.0,16.0,Yes,Yes,11.0,11.0,#bc9934,Yellow,,,No,,,,,,,,,,,,,,,,,,,,,,,,,,,,,,,
PLATE_02,A3,SAM_D1_0702_A1,Pleurotus ostreatus,High_RH_Old,3.0,PLATE_02_A3.mzML,Drop 1 video 1,D1,02/07/2026,A1,1adbaf60-9206-11f1-9518-87ccf2fafc79,02/07/2026,1adbaf60-9206-11f1-9518-87ccf2fafc79,b7a378ab-191f-447f-8c44-c2336f1fbae8,2026-08-29T19:04:24.000Z,2026-08-29T19:04:26.000Z,A1,A1,28.0,No,4.0,16.0,Yes,Yes,11.0,11.0,#bc9934,Yellow,,,No,,,,,,,,,,,,,,,,,,,,,,,,,,,,,,,
PLATE_02,A4,SAM_D2_0702_A1,Pleurotus ostreatus,High_RH_Old,1.0,PLATE_02_A4.mzML,Drop 2 video 2,D2,02/07/2026,A1,1adbaf60-9206-11f1-9518-87ccf2fafc79,02/07/2026,1adbaf60-9206-11f1-9518-87ccf2fafc79,b7a378ab-191f-447f-8c44-c2336f1fbae8,2026-08-29T19:04:24.000Z,2026-08-29T19:04:26.000Z,A1,A1,28.0,No,4.0,16.0,Yes,Yes,11.0,11.0,#bc9934,Yellow,,,No,,,,,,,,,,,,,,,,,,,,,,,,,,,,,,,
PLATE_02,A5,SAM_D2_0702_A1,Pleurotus ostreatus,High_RH_Old,2.0,PLATE_02_A5.mzML,Drop 2 video 2,D2,02/07/2026,A1,1adbaf60-9206-11f1-9518-87ccf2fafc79,02/07/2026,1adbaf60-9206-11f1-9518-87ccf2fafc79,b7a378ab-191f-447f-8c44-c2336f1fbae8,2026-08-29T19:04:24.000Z,2026-08-29T19:04:26.000Z,A1,A1,28.0,No,4.0,16.0,Yes,Yes,11.0,11.0,#bc9934,Yellow,,,No,,,,,,,,,,,,,,,,,,,,,,,,,,,,,,,
PLATE_02,A6,SAM_D3_0702_A1,Pleurotus ostreatus,High_RH_Old,1.0,PLATE_02_A6.mzML,Drop 3 video 3,D3,02/07/2026,A1,1adbaf60-9206-11f1-9518-87ccf2fafc79,02/07/2026,1adbaf60-9206-11f1-9518-87ccf2fafc79,b7a378ab-191f-447f-8c44-c2336f1fbae8,2026-08-29T19:04:24.000Z,2026-08-29T19:04:26.000Z,A1,A1,28.0,No,4.0,16.0,Yes,Yes,11.0,11.0,#bc9934,Yellow,,,No,,,,,,,,,,,,,,,,,,,,,,,,,,,,,,,
PLATE_02,A7,SAM_D4_0702_A1,Pleurotus ostreatus,High_RH_Old,1.0,PLATE_02_A7.mzML,Drop 4 video 3,D4,02/07/2026,A1,1adbaf60-9206-11f1-9518-87ccf2fafc79,02/07/2026,1adbaf60-9206-11f1-9518-87ccf2fafc79,b7a378ab-191f-447f-8c44-c2336f1fbae8,2026-08-29T19:04:24.000Z,2026-08-29T19:04:26.000Z,A1,A1,28.0,No,4.0,16.0,Yes,Yes,11.0,11.0,#bc9934,Yellow,,,No,,,,,,,,,,,,,,,,,,,,,,,,,,,,,,,
PLATE_02,A8,SAM_D5_0702_A1,Pleurotus ostreatus,High_RH_Old,1.0,PLATE_02_A8.mzML,Drop 5 video 4,D5,02/07/2026,A1,1adbaf60-9206-11f1-9518-87ccf2fafc79,02/07/2026,1adbaf60-9206-11f1-9518-87ccf2fafc79,b7a378ab-191f-447f-8c44-c2336f1fbae8,2026-08-29T19:04:24.000Z,2026-08-29T19:04:26.000Z,A1,A1,28.0,No,4.0,16.0,Yes,Yes,11.0,11.0,#bc9934,Yellow,,,No,,,,,,,,,,,,,,,,,,,,,,,,,,,,,,,
PLATE_02,A9,SAM_D6_0702_A1,Pleurotus ostreatus,High_RH_Old,1.0,PLATE_02_A9.mzML,Drop 6 video 5 green exudate,D6,02/07/2026,A1,1adbaf60-9206-11f1-9518-87ccf2fafc79,02/07/2026,1adbaf60-9206-11f1-9518-87ccf2fafc79,b7a378ab-191f-447f-8c44-c2336f1fbae8,2026-08-29T19:04:24.000Z,2026-08-29T19:04:26.000Z,A1,A1,28.0,No,4.0,16.0,Yes,Yes,11.0,11.0,#bc9934,Yellow,,,No,,,,,,,,,,,,,,,,,,,,,,,,,,,,,,,
PLATE_02,A10,SAM_D7_0702_A1,Pleurotus ostreatus,High_RH_Old,1.0,PLATE_02_A10.mzML,Drop 7 video 6,D7,02/07/2026,A1,1adbaf60-9206-11f1-9518-87ccf2fafc79,02/07/2026,1adbaf60-9206-11f1-9518-87ccf2fafc79,b7a378ab-191f-447f-8c44-c2336f1fbae8,2026-08-29T19:04:24.000Z,2026-08-29T19:04:26.000Z,A1,A1,28.0,No,4.0,16.0,Yes,Yes,11.0,11.0,#bc9934,Yellow,,,No,,,,,,,,,,,,,,,,,,,,,,,,,,,,,,,
PLATE_02,A11,SAM_D8_0702_A1,Pleurotus ostreatus,High_RH_Old,1.0,PLATE_02_A11.mzML,Drop 8 video 7 amber exudate,D8,02/07/2026,A1,1adbaf60-9206-11f1-9518-87ccf2fafc79,02/07/2026,1adbaf60-9206-11f1-9518-87ccf2fafc79,b7a378ab-191f-447f-8c44-c2336f1fbae8,2026-08-29T19:04:24.000Z,2026-08-29T19:04:26.000Z,A1,A1,28.0,No,4.0,16.0,Yes,Yes,11.0,11.0,#bc9934,Yellow,,,No,,,,,,,,,,,,,,,,,,,,,,,,,,,,,,,
PLATE_02,A12,SAM_D9_0702_A1,Pleurotus ostreatus,High_RH_Old,1.0,PLATE_02_A12.mzML,Drop 9 video 8 red exudate,D9,02/07/2026,A1,1adbaf60-9206-11f1-9518-87ccf2fafc79,02/07/2026,1adbaf60-9206-11f1-9518-87ccf2fafc79,b7a378ab-191f-447f-8c44-c2336f1fbae8,2026-08-29T19:04:24.000Z,2026-08-29T19:04:26.000Z,A1,A1,28.0,No,4.0,16.0,Yes,Yes,11.0,11.0,#bc9934,Yellow,,,No,,,,,,,,,,,,,,,,,,,,,,,,,,,,,,,
PLATE_02,A13,SAM_V_0702_A1,Pleurotus ostreatus,High_RH_Old,1.0,PLATE_02_A13.mzML,Vial exudate ,V,02/07/2026,A1,1adbaf60-9206-11f1-9518-87ccf2fafc79,02/07/2026,1adbaf60-9206-11f1-9518-87ccf2fafc79,b7a378ab-191f-447f-8c44-c2336f1fbae8,2026-08-29T19:04:24.000Z,2026-08-29T19:04:26.000Z,A1,A1,28.0,No,4.0,16.0,Yes,Yes,11.0,11.0,#bc9934,Yellow,,,No,,,,,,,,,,,,,,,,,,,,,,,,,,,,,,,
PLATE_02,A14,SAM_V_0702_A1,Pleurotus ostreatus,High_RH_Old,2.0,PLATE_02_A14.mzML,Vial exudate ,V,02/07/2026,A1,1adbaf60-9206-11f1-9518-87ccf2fafc79,02/07/2026,1adbaf60-9206-11f1-9518-87ccf2fafc79,b7a378ab-191f-447f-8c44-c2336f1fbae8,2026-08-29T19:04:24.000Z,2026-08-29T19:04:26.000Z,A1,A1,28.0,No,4.0,16.0,Yes,Yes,11.0,11.0,#bc9934,Yellow,,,No,,,,,,,,,,,,,,,,,,,,,,,,,,,,,,,
PLATE_02,A15,SAM_V_0702_A1,Pleurotus ostreatus,High_RH_Old,3.0,PLATE_02_A15.mzML,Vial exudate ,V,02/07/2026,A1,1adbaf60-9206-11f1-9518-87ccf2fafc79,02/07/2026,1adbaf60-9206-11f1-9518-87ccf2fafc79,b7a378ab-191f-447f-8c44-c2336f1fbae8,2026-08-29T19:04:24.000Z,2026-08-29T19:04:26.000Z,A1,A1,28.0,No,4.0,16.0,Yes,Yes,11.0,11.0,#bc9934,Yellow,,,No,,,,,,,,,,,,,,,,,,,,,,,,,,,,,,,
PLATE_02,A16,SAM_V_0702_A1,Pleurotus ostreatus,High_RH_Old,4.0,PLATE_02_A16.mzML,Vial exudate ,V,02/07/2026,A1,1adbaf60-9206-11f1-9518-87ccf2fafc79,02/07/2026,1adbaf60-9206-11f1-9518-87ccf2fafc79,b7a378ab-191f-447f-8c44-c2336f1fbae8,2026-08-29T19:04:24.000Z,2026-08-29T19:04:26.000Z,A1,A1,28.0,No,4.0,16.0,Yes,Yes,11.0,11.0,#bc9934,Yellow,,,No,,,,,,,,,,,,,,,,,,,,,,,,,,,,,,,
PLATE_02,A17,SAM_V_0702_A1,Pleurotus ostreatus,High_RH_Old,5.0,PLATE_02_A17.mzML,Vial exudate ,V,02/07/2026,A1,1adbaf60-9206-11f1-9518-87ccf2fafc79,02/07/2026,1adbaf60-9206-11f1-9518-87ccf2fafc79,b7a378ab-191f-447f-8c44-c2336f1fbae8,2026-08-29T19:04:24.000Z,2026-08-29T19:04:26.000Z,A1,A1,28.0,No,4.0,16.0,Yes,Yes,11.0,11.0,#bc9934,Yellow,,,No,,,,,,,,,,,,,,,,,,,,,,,,,,,,,,,
PLATE_02,A18,SAM_V_0702_A1,Pleurotus ostreatus,High_RH_Old,6.0,PLATE_02_A18.mzML,Vial exudate ,V,02/07/2026,A1,1adbaf60-9206-11f1-9518-87ccf2fafc79,02/07/2026,1adbaf60-9206-11f1-9518-87ccf2fafc79,b7a378ab-191f-447f-8c44-c2336f1fbae8,2026-08-29T19:04:24.000Z,2026-08-29T19:04:26.000Z,A1,A1,28.0,No,4.0,16.0,Yes,Yes,11.0,11.0,#bc9934,Yellow,,,No,,,,,,,,,,,,,,,,,,,,,,,,,,,,,,,
PLATE_02,A19,SAM_V_0702_A1,Pleurotus ostreatus,High_RH_Old,7.0,PLATE_02_A19.mzML,Vial exudate ,V,02/07/2026,A1,1adbaf60-9206-11f1-9518-87ccf2fafc79,02/07/2026,1adbaf60-9206-11f1-9518-87ccf2fafc79,b7a378ab-191f-447f-8c44-c2336f1fbae8,2026-08-29T19:04:24.000Z,2026-08-29T19:04:26.000Z,A1,A1,28.0,No,4.0,16.0,Yes,Yes,11.0,11.0,#bc9934,Yellow,,,No,,,,,,,,,,,,,,,,,,,,,,,,,,,,,,,
PLATE_02,A20,SAM_V_0702_A1,Pleurotus ostreatus,High_RH_Old,8.0,PLATE_02_A20.mzML,Vial exudate ,V,02/07/2026,A1,1adbaf60-9206-11f1-9518-87ccf2fafc79,02/07/2026,1adbaf60-9206-11f1-9518-87ccf2fafc79,b7a378ab-191f-447f-8c44-c2336f1fbae8,2026-08-29T19:04:24.000Z,2026-08-29T19:04:26.000Z,A1,A1,28.0,No,4.0,16.0,Yes,Yes,11.0,11.0,#bc9934,Yellow,,,No,,,,,,,,,,,,,,,,,,,,,,,,,,,,,,,
PLATE_02,A21,SAM_V_0702_A1,Pleurotus ostreatus,High_RH_Old,9.0,PLATE_02_A21.mzML,Vial exudate ,V,02/07/2026,A1,1adbaf60-9206-11f1-9518-87ccf2fafc79,02/07/2026,1adbaf60-9206-11f1-9518-87ccf2fafc79,b7a378ab-191f-447f-8c44-c2336f1fbae8,2026-08-29T19:04:24.000Z,2026-08-29T19:04:26.000Z,A1,A1,28.0,No,4.0,16.0,Yes,Yes,11.0,11.0,#bc9934,Yellow,,,No,,,,,,,,,,,,,,,,,,,,,,,,,,,,,,,
PLATE_02,A22,SAM_V_0702_A1,Pleurotus ostreatus,High_RH_Old,10.0,PLATE_02_A22.mzML,Vial exudate ,V,02/07/2026,A1,1adbaf60-9206-11f1-9518-87ccf2fafc79,02/07/2026,1adbaf60-9206-11f1-9518-87ccf2fafc79,b7a378ab-191f-447f-8c44-c2336f1fbae8,2026-08-29T19:04:24.000Z,2026-08-29T19:04:26.000Z,A1,A1,28.0,No,4.0,16.0,Yes,Yes,11.0,11.0,#bc9934,Yellow,,,No,,,,,,,,,,,,,,,,,,,,,,,,,,,,,,,
PLATE_02,A23,SAM_V_0702_A1,Pleurotus ostreatus,High_RH_Old,11.0,PLATE_02_A23.mzML,Vial exudate ,V,02/07/2026,A1,1adbaf60-9206-11f1-9518-87ccf2fafc79,02/07/2026,1adbaf60-9206-11f1-9518-87ccf2fafc79,b7a378ab-191f-447f-8c44-c2336f1fbae8,2026-08-29T19:04:24.000Z,2026-08-29T19:04:26.000Z,A1,A1,28.0,No,4.0,16.0,Yes,Yes,11.0,11.0,#bc9934,Yellow,,,No,,,,,,,,,,,,,,,,,,,,,,,,,,,,,,,
PLATE_02,A24,SAM_V_0702_A1,Pleurotus ostreatus,High_RH_Old,12.0,PLATE_02_A24.mzML,Vial exudate ,V,02/07/2026,A1,1adbaf60-9206-11f1-9518-87ccf2fafc79,02/07/2026,1adbaf60-9206-11f1-9518-87ccf2fafc79,b7a378ab-191f-447f-8c44-c2336f1fbae8,2026-08-29T19:04:24.000Z,2026-08-29T19:04:26.000Z,A1,A1,28.0,No,4.0,16.0,Yes,Yes,11.0,11.0,#bc9934,Yellow,,,No,,,,,,,,,,,,,,,,,,,,,,,,,,,,,,,
PLATE_02,B1,SAM_V_0702_A1,Pleurotus ostreatus,High_RH_Old,13.0,PLATE_02_B1.mzML,Vial exudate ,V,02/07/2026,A1,1adbaf60-9206-11f1-9518-87ccf2fafc79,02/07/2026,1adbaf60-9206-11f1-9518-87ccf2fafc79,b7a378ab-191f-447f-8c44-c2336f1fbae8,2026-08-29T19:04:24.000Z,2026-08-29T19:04:26.000Z,A1,A1,28.0,No,4.0,16.0,Yes,Yes,11.0,11.0,#bc9934,Yellow,,,No,,,,,,,,,,,,,,,,,,,,,,,,,,,,,,,
PLATE_02,B2,SAM_V_0702_A1,Pleurotus ostreatus,High_RH_Old,14.0,PLATE_02_B2.mzML,Vial exudate ,V,02/07/2026,A1,1adbaf60-9206-11f1-9518-87ccf2fafc79,02/07/2026,1adbaf60-9206-11f1-9518-87ccf2fafc79,b7a378ab-191f-447f-8c44-c2336f1fbae8,2026-08-29T19:04:24.000Z,2026-08-29T19:04:26.000Z,A1,A1,28.0,No,4.0,16.0,Yes,Yes,11.0,11.0,#bc9934,Yellow,,,No,,,,,,,,,,,,,,,,,,,,,,,,,,,,,,,
PLATE_02,B3,SAM_V_0702_A1,Pleurotus ostreatus,High_RH_Old,15.0,PLATE_02_B3.mzML,Vial exudate ,V,02/07/2026,A1,1adbaf60-9206-11f1-9518-87ccf2fafc79,02/07/2026,1adbaf60-9206-11f1-9518-87ccf2fafc79,b7a378ab-191f-447f-8c44-c2336f1fbae8,2026-08-29T19:04:24.000Z,2026-08-29T19:04:26.000Z,A1,A1,28.0,No,4.0,16.0,Yes,Yes,11.0,11.0,#bc9934,Yellow,,,No,,,,,,,,,,,,,,,,,,,,,,,,,,,,,,,
PLATE_02,B4,SAM_V_0702_A1,Pleurotus ostreatus,High_RH_Old,16.0,PLATE_02_B4.mzML,Vial exudate ,V,02/07/2026,A1,1adbaf60-9206-11f1-9518-87ccf2fafc79,02/07/2026,1adbaf60-9206-11f1-9518-87ccf2fafc79,b7a378ab-191f-447f-8c44-c2336f1fbae8,2026-08-29T19:04:24.000Z,2026-08-29T19:04:26.000Z,A1,A1,28.0,No,4.0,16.0,Yes,Yes,11.0,11.0,#bc9934,Yellow,,,No,,,,,,,,,,,,,,,,,,,,,,,,,,,,,,,
PLATE_02,B5,SAM_V_0702_A1,Pleurotus ostreatus,High_RH_Old,17.0,PLATE_02_B5.mzML,Vial exudate ,V,02/07/2026,A1,1adbaf60-9206-11f1-9518-87ccf2fafc79,02/07/2026,1adbaf60-9206-11f1-9518-87ccf2fafc79,b7a378ab-191f-447f-8c44-c2336f1fbae8,2026-08-29T19:04:24.000Z,2026-08-29T19:04:26.000Z,A1,A1,28.0,No,4.0,16.0,Yes,Yes,11.0,11.0,#bc9934,Yellow,,,No,,,,,,,,,,,,,,,,,,,,,,,,,,,,,,,
PLATE_02,B6,SAM_V_0702_A1,Pleurotus ostreatus,High_RH_Old,18.0,PLATE_02_B6.mzML,Vial exudate ,V,02/07/2026,A1,1adbaf60-9206-11f1-9518-87ccf2fafc79,02/07/2026,1adbaf60-9206-11f1-9518-87ccf2fafc79,b7a378ab-191f-447f-8c44-c2336f1fbae8,2026-08-29T19:04:24.000Z,2026-08-29T19:04:26.000Z,A1,A1,28.0,No,4.0,16.0,Yes,Yes,11.0,11.0,#bc9934,Yellow,,,No,,,,,,,,,,,,,,,,,,,,,,,,,,,,,,,
PLATE_02,B7,SAM_V_0702_A1,Pleurotus ostreatus,High_RH_Old,19.0,PLATE_02_B7.mzML,Vial exudate ,V,02/07/2026,A1,1adbaf60-9206-11f1-9518-87ccf2fafc79,02/07/2026,1adbaf60-9206-11f1-9518-87ccf2fafc79,b7a378ab-191f-447f-8c44-c2336f1fbae8,2026-08-29T19:04:24.000Z,2026-08-29T19:04:26.000Z,A1,A1,28.0,No,4.0,16.0,Yes,Yes,11.0,11.0,#bc9934,Yellow,,,No,,,,,,,,,,,,,,,,,,,,,,,,,,,,,,,
PLATE_02,B8,SAM_V_0702_A1,Pleurotus ostreatus,High_RH_Old,20.0,PLATE_02_B8.mzML,Vial exudate ,V,02/07/2026,A1,1adbaf60-9206-11f1-9518-87ccf2fafc79,02/07/2026,1adbaf60-9206-11f1-9518-87ccf2fafc79,b7a378ab-191f-447f-8c44-c2336f1fbae8,2026-08-29T19:04:24.000Z,2026-08-29T19:04:26.000Z,A1,A1,28.0,No,4.0,16.0,Yes,Yes,11.0,11.0,#bc9934,Yellow,,,No,,,,,,,,,,,,,,,,,,,,,,,,,,,,,,,
PLATE_02,B9,SAM_V_0702_A1,Pleurotus ostreatus,High_RH_Old,21.0,PLATE_02_B9.mzML,Vial exudate ,V,02/07/2026,A1,1adbaf60-9206-11f1-9518-87ccf2fafc79,02/07/2026,1adbaf60-9206-11f1-9518-87ccf2fafc79,b7a378ab-191f-447f-8c44-c2336f1fbae8,2026-08-29T19:04:24.000Z,2026-08-29T19:04:26.000Z,A1,A1,28.0,No,4.0,16.0,Yes,Yes,11.0,11.0,#bc9934,Yellow,,,No,,,,,,,,,,,,,,,,,,,,,,,,,,,,,,,
PLATE_02,B10,SAM_V_0702_A1,Pleurotus ostreatus,High_RH_Old,22.0,PLATE_02_B10.mzML,Vial exudate ,V,02/07/2026,A1,1adbaf60-9206-11f1-9518-87ccf2fafc79,02/07/2026,1adbaf60-9206-11f1-9518-87ccf2fafc79,b7a378ab-191f-447f-8c44-c2336f1fbae8,2026-08-29T19:04:24.000Z,2026-08-29T19:04:26.000Z,A1,A1,28.0,No,4.0,16.0,Yes,Yes,11.0,11.0,#bc9934,Yellow,,,No,,,,,,,,,,,,,,,,,,,,,,,,,,,,,,,
PLATE_02,B11,SAM_V_0702_A1,Pleurotus ostreatus,High_RH_Old,23.0,PLATE_02_B11.mzML,Vial exudate ,V,02/07/2026,A1,1adbaf60-9206-11f1-9518-87ccf2fafc79,02/07/2026,1adbaf60-9206-11f1-9518-87ccf2fafc79,b7a378ab-191f-447f-8c44-c2336f1fbae8,2026-08-29T19:04:24.000Z,2026-08-29T19:04:26.000Z,A1,A1,28.0,No,4.0,16.0,Yes,Yes,11.0,11.0,#bc9934,Yellow,,,No,,,,,,,,,,,,,,,,,,,,,,,,,,,,,,,
PLATE_02,B12,SAM_V_0702_A1,Pleurotus ostreatus,High_RH_Old,24.0,PLATE_02_B12.mzML,Vial exudate ,V,02/07/2026,A1,1adbaf60-9206-11f1-9518-87ccf2fafc79,02/07/2026,1adbaf60-9206-11f1-9518-87ccf2fafc79,b7a378ab-191f-447f-8c44-c2336f1fbae8,2026-08-29T19:04:24.000Z,2026-08-29T19:04:26.000Z,A1,A1,28.0,No,4.0,16.0,Yes,Yes,11.0,11.0,#bc9934,Yellow,,,No,,,,,,,,,,,,,,,,,,,,,,,,,,,,,,,
PLATE_02,B13,SAM_V_0702_A1,Pleurotus ostreatus,High_RH_Old,25.0,PLATE_02_B13.mzML,Vial exudate ,V,02/07/2026,A1,1adbaf60-9206-11f1-9518-87ccf2fafc79,02/07/2026,1adbaf60-9206-11f1-9518-87ccf2fafc79,b7a378ab-191f-447f-8c44-c2336f1fbae8,2026-08-29T19:04:24.000Z,2026-08-29T19:04:26.000Z,A1,A1,28.0,No,4.0,16.0,Yes,Yes,11.0,11.0,#bc9934,Yellow,,,No,,,,,,,,,,,,,,,,,,,,,,,,,,,,,,,
PLATE_02,B14,SAM_V_0702_A1,Pleurotus ostreatus,High_RH_Old,26.0,PLATE_02_B14.mzML,Vial exudate ,V,02/07/2026,A1,1adbaf60-9206-11f1-9518-87ccf2fafc79,02/07/2026,1adbaf60-9206-11f1-9518-87ccf2fafc79,b7a378ab-191f-447f-8c44-c2336f1fbae8,2026-08-29T19:04:24.000Z,2026-08-29T19:04:26.000Z,A1,A1,28.0,No,4.0,16.0,Yes,Yes,11.0,11.0,#bc9934,Yellow,,,No,,,,,,,,,,,,,,,,,,,,,,,,,,,,,,,
PLATE_02,B15,SAM_V_0702_A1,Pleurotus ostreatus,High_RH_Old,27.0,PLATE_02_B15.mzML,Vial exudate ,V,02/07/2026,A1,1adbaf60-9206-11f1-9518-87ccf2fafc79,02/07/2026,1adbaf60-9206-11f1-9518-87ccf2fafc79,b7a378ab-191f-447f-8c44-c2336f1fbae8,2026-08-29T19:04:24.000Z,2026-08-29T19:04:26.000Z,A1,A1,28.0,No,4.0,16.0,Yes,Yes,11.0,11.0,#bc9934,Yellow,,,No,,,,,,,,,,,,,,,,,,,,,,,,,,,,,,,
PLATE_02,B16,SAM_V_0702_A1,Pleurotus ostreatus,High_RH_Old,28.0,PLATE_02_B16.mzML,Vial exudate ,V,02/07/2026,A1,1adbaf60-9206-11f1-9518-87ccf2fafc79,02/07/2026,1adbaf60-9206-11f1-9518-87ccf2fafc79,b7a378ab-191f-447f-8c44-c2336f1fbae8,2026-08-29T19:04:24.000Z,2026-08-29T19:04:26.000Z,A1,A1,28.0,No,4.0,16.0,Yes,Yes,11.0,11.0,#bc9934,Yellow,,,No,,,,,,,,,,,,,,,,,,,,,,,,,,,,,,,
PLATE_02,B17,SAM_V_0702_A1,Pleurotus ostreatus,High_RH_Old,29.0,PLATE_02_B17.mzML,Vial exudate ,V,02/07/2026,A1,1adbaf60-9206-11f1-9518-87ccf2fafc79,02/07/2026,1adbaf60-9206-11f1-9518-87ccf2fafc79,b7a378ab-191f-447f-8c44-c2336f1fbae8,2026-08-29T19:04:24.000Z,2026-08-29T19:04:26.000Z,A1,A1,28.0,No,4.0,16.0,Yes,Yes,11.0,11.0,#bc9934,Yellow,,,No,,,,,,,,,,,,,,,,,,,,,,,,,,,,,,,
PLATE_02,B18,SAM_V_0702_A1,Pleurotus ostreatus,High_RH_Old,30.0,PLATE_02_B18.mzML,Vial exudate ,V,02/07/2026,A1,1adbaf60-9206-11f1-9518-87ccf2fafc79,02/07/2026,1adbaf60-9206-11f1-9518-87ccf2fafc79,b7a378ab-191f-447f-8c44-c2336f1fbae8,2026-08-29T19:04:24.000Z,2026-08-29T19:04:26.000Z,A1,A1,28.0,No,4.0,16.0,Yes,Yes,11.0,11.0,#bc9934,Yellow,,,No,,,,,,,,,,,,,,,,,,,,,,,,,,,,,,,
PLATE_02,B19,SAM_V_0702_A1,Pleurotus ostreatus,High_RH_Old,31.0,PLATE_02_B19.mzML,Vial exudate ,V,02/07/2026,A1,1adbaf60-9206-11f1-9518-87ccf2fafc79,02/07/2026,1adbaf60-9206-11f1-9518-87ccf2fafc79,b7a378ab-191f-447f-8c44-c2336f1fbae8,2026-08-29T19:04:24.000Z,2026-08-29T19:04:26.000Z,A1,A1,28.0,No,4.0,16.0,Yes,Yes,11.0,11.0,#bc9934,Yellow,,,No,,,,,,,,,,,,,,,,,,,,,,,,,,,,,,,
PLATE_02,B20,SAM_V_0702_A1,Pleurotus ostreatus,High_RH_Old,32.0,PLATE_02_B20.mzML,Vial exudate ,V,02/07/2026,A1,1adbaf60-9206-11f1-9518-87ccf2fafc79,02/07/2026,1adbaf60-9206-11f1-9518-87ccf2fafc79,b7a378ab-191f-447f-8c44-c2336f1fbae8,2026-08-29T19:04:24.000Z,2026-08-29T19:04:26.000Z,A1,A1,28.0,No,4.0,16.0,Yes,Yes,11.0,11.0,#bc9934,Yellow,,,No,,,,,,,,,,,,,,,,,,,,,,,,,,,,,,,
PLATE_02,B21,SAM_V_0702_A1,Pleurotus ostreatus,High_RH_Old,33.0,PLATE_02_B21.mzML,Vial exudate ,V,02/07/2026,A1,1adbaf60-9206-11f1-9518-87ccf2fafc79,02/07/2026,1adbaf60-9206-11f1-9518-87ccf2fafc79,b7a378ab-191f-447f-8c44-c2336f1fbae8,2026-08-29T19:04:24.000Z,2026-08-29T19:04:26.000Z,A1,A1,28.0,No,4.0,16.0,Yes,Yes,11.0,11.0,#bc9934,Yellow,,,No,,,,,,,,,,,,,,,,,,,,,,,,,,,,,,,
PLATE_02,B22,SAM_V_0702_A1,Pleurotus ostreatus,High_RH_Old,34.0,PLATE_02_B22.mzML,Vial exudate ,V,02/07/2026,A1,1adbaf60-9206-11f1-9518-87ccf2fafc79,02/07/2026,1adbaf60-9206-11f1-9518-87ccf2fafc79,b7a378ab-191f-447f-8c44-c2336f1fbae8,2026-08-29T19:04:24.000Z,2026-08-29T19:04:26.000Z,A1,A1,28.0,No,4.0,16.0,Yes,Yes,11.0,11.0,#bc9934,Yellow,,,No,,,,,,,,,,,,,,,,,,,,,,,,,,,,,,,
PLATE_02,B23,SAM_V_0702_A1,Pleurotus ostreatus,High_RH_Old,35.0,PLATE_02_B23.mzML,Vial exudate ,V,02/07/2026,A1,1adbaf60-9206-11f1-9518-87ccf2fafc79,02/07/2026,1adbaf60-9206-11f1-9518-87ccf2fafc79,b7a378ab-191f-447f-8c44-c2336f1fbae8,2026-08-29T19:04:24.000Z,2026-08-29T19:04:26.000Z,A1,A1,28.0,No,4.0,16.0,Yes,Yes,11.0,11.0,#bc9934,Yellow,,,No,,,,,,,,,,,,,,,,,,,,,,,,,,,,,,,
PLATE_02,B24,SAM_V_0702_A1,Pleurotus ostreatus,High_RH_Old,36.0,PLATE_02_B24.mzML,Vial exudate ,V,02/07/2026,A1,1adbaf60-9206-11f1-9518-87ccf2fafc79,02/07/2026,1adbaf60-9206-11f1-9518-87ccf2fafc79,b7a378ab-191f-447f-8c44-c2336f1fbae8,2026-08-29T19:04:24.000Z,2026-08-29T19:04:26.000Z,A1,A1,28.0,No,4.0,16.0,Yes,Yes,11.0,11.0,#bc9934,Yellow,,,No,,,,,,,,,,,,,,,,,,,,,,,,,,,,,,,
PLATE_02,C1,SAM_V_0702_A1,Pleurotus ostreatus,High_RH_Old,37.0,PLATE_02_C1.mzML,Vial exudate ,V,02/07/2026,A1,1adbaf60-9206-11f1-9518-87ccf2fafc79,02/07/2026,1adbaf60-9206-11f1-9518-87ccf2fafc79,b7a378ab-191f-447f-8c44-c2336f1fbae8,2026-08-29T19:04:24.000Z,2026-08-29T19:04:26.000Z,A1,A1,28.0,No,4.0,16.0,Yes,Yes,11.0,11.0,#bc9934,Yellow,,,No,,,,,,,,,,,,,,,,,,,,,,,,,,,,,,,
PLATE_02,C2,SAM_V_0702_A1,Pleurotus ostreatus,High_RH_Old,38.0,PLATE_02_C2.mzML,Vial exudate ,V,02/07/2026,A1,1adbaf60-9206-11f1-9518-87ccf2fafc79,02/07/2026,1adbaf60-9206-11f1-9518-87ccf2fafc79,b7a378ab-191f-447f-8c44-c2336f1fbae8,2026-08-29T19:04:24.000Z,2026-08-29T19:04:26.000Z,A1,A1,28.0,No,4.0,16.0,Yes,Yes,11.0,11.0,#bc9934,Yellow,,,No,,,,,,,,,,,,,,,,,,,,,,,,,,,,,,,
PLATE_02,C3,SAM_V_0702_A1,Pleurotus ostreatus,High_RH_Old,39.0,PLATE_02_C3.mzML,Vial exudate ,V,02/07/2026,A1,1adbaf60-9206-11f1-9518-87ccf2fafc79,02/07/2026,1adbaf60-9206-11f1-9518-87ccf2fafc79,b7a378ab-191f-447f-8c44-c2336f1fbae8,2026-08-29T19:04:24.000Z,2026-08-29T19:04:26.000Z,A1,A1,28.0,No,4.0,16.0,Yes,Yes,11.0,11.0,#bc9934,Yellow,,,No,,,,,,,,,,,,,,,,,,,,,,,,,,,,,,,
PLATE_02,C4,SAM_V_0702_A1,Pleurotus ostreatus,High_RH_Old,40.0,PLATE_02_C4.mzML,Vial exudate ,V,02/07/2026,A1,1adbaf60-9206-11f1-9518-87ccf2fafc79,02/07/2026,1adbaf60-9206-11f1-9518-87ccf2fafc79,b7a378ab-191f-447f-8c44-c2336f1fbae8,2026-08-29T19:04:24.000Z,2026-08-29T19:04:26.000Z,A1,A1,28.0,No,4.0,16.0,Yes,Yes,11.0,11.0,#bc9934,Yellow,,,No,,,,,,,,,,,,,,,,,,,,,,,,,,,,,,,
PLATE_02,C5,SAM_V_0702_A1,Pleurotus ostreatus,High_RH_Old,41.0,PLATE_02_C5.mzML,Vial exudate ,V,02/07/2026,A1,1adbaf60-9206-11f1-9518-87ccf2fafc79,02/07/2026,1adbaf60-9206-11f1-9518-87ccf2fafc79,b7a378ab-191f-447f-8c44-c2336f1fbae8,2026-08-29T19:04:24.000Z,2026-08-29T19:04:26.000Z,A1,A1,28.0,No,4.0,16.0,Yes,Yes,11.0,11.0,#bc9934,Yellow,,,No,,,,,,,,,,,,,,,,,,,,,,,,,,,,,,,
PLATE_02,C6,SAM_V_0702_A1,Pleurotus ostreatus,High_RH_Old,42.0,PLATE_02_C6.mzML,Vial exudate ,V,02/07/2026,A1,1adbaf60-9206-11f1-9518-87ccf2fafc79,02/07/2026,1adbaf60-9206-11f1-9518-87ccf2fafc79,b7a378ab-191f-447f-8c44-c2336f1fbae8,2026-08-29T19:04:24.000Z,2026-08-29T19:04:26.000Z,A1,A1,28.0,No,4.0,16.0,Yes,Yes,11.0,11.0,#bc9934,Yellow,,,No,,,,,,,,,,,,,,,,,,,,,,,,,,,,,,,
PLATE_02,C7,SAM_V_0702_A1,Pleurotus ostreatus,High_RH_Old,43.0,PLATE_02_C7.mzML,Vial exudate ,V,02/07/2026,A1,1adbaf60-9206-11f1-9518-87ccf2fafc79,02/07/2026,1adbaf60-9206-11f1-9518-87ccf2fafc79,b7a378ab-191f-447f-8c44-c2336f1fbae8,2026-08-29T19:04:24.000Z,2026-08-29T19:04:26.000Z,A1,A1,28.0,No,4.0,16.0,Yes,Yes,11.0,11.0,#bc9934,Yellow,,,No,,,,,,,,,,,,,,,,,,,,,,,,,,,,,,,
PLATE_02,C8,SAM_V_0702_A1,Pleurotus ostreatus,High_RH_Old,44.0,PLATE_02_C8.mzML,Vial exudate ,V,02/07/2026,A1,1adbaf60-9206-11f1-9518-87ccf2fafc79,02/07/2026,1adbaf60-9206-11f1-9518-87ccf2fafc79,b7a378ab-191f-447f-8c44-c2336f1fbae8,2026-08-29T19:04:24.000Z,2026-08-29T19:04:26.000Z,A1,A1,28.0,No,4.0,16.0,Yes,Yes,11.0,11.0,#bc9934,Yellow,,,No,,,,,,,,,,,,,,,,,,,,,,,,,,,,,,,
PLATE_02,C9,SAM_V_0702_A1,Pleurotus ostreatus,High_RH_Old,45.0,PLATE_02_C9.mzML,Vial exudate ,V,02/07/2026,A1,1adbaf60-9206-11f1-9518-87ccf2fafc79,02/07/2026,1adbaf60-9206-11f1-9518-87ccf2fafc79,b7a378ab-191f-447f-8c44-c2336f1fbae8,2026-08-29T19:04:24.000Z,2026-08-29T19:04:26.000Z,A1,A1,28.0,No,4.0,16.0,Yes,Yes,11.0,11.0,#bc9934,Yellow,,,No,,,,,,,,,,,,,,,,,,,,,,,,,,,,,,,
PLATE_02,C10,SAM_V_0702_A1,Pleurotus ostreatus,High_RH_Old,46.0,PLATE_02_C10.mzML,Vial exudate ,V,02/07/2026,A1,1adbaf60-9206-11f1-9518-87ccf2fafc79,02/07/2026,1adbaf60-9206-11f1-9518-87ccf2fafc79,b7a378ab-191f-447f-8c44-c2336f1fbae8,2026-08-29T19:04:24.000Z,2026-08-29T19:04:26.000Z,A1,A1,28.0,No,4.0,16.0,Yes,Yes,11.0,11.0,#bc9934,Yellow,,,No,,,,,,,,,,,,,,,,,,,,,,,,,,,,,,,
PLATE_02,C11,SAM_V_0702_A1,Pleurotus ostreatus,High_RH_Old,47.0,PLATE_02_C11.mzML,Vial exudate ,V,02/07/2026,A1,1adbaf60-9206-11f1-9518-87ccf2fafc79,02/07/2026,1adbaf60-9206-11f1-9518-87ccf2fafc79,b7a378ab-191f-447f-8c44-c2336f1fbae8,2026-08-29T19:04:24.000Z,2026-08-29T19:04:26.000Z,A1,A1,28.0,No,4.0,16.0,Yes,Yes,11.0,11.0,#bc9934,Yellow,,,No,,,,,,,,,,,,,,,,,,,,,,,,,,,,,,,
PLATE_02,C12,SAM_V_0702_A1,Pleurotus ostreatus,High_RH_Old,48.0,PLATE_02_C12.mzML,Vial exudate ,V,02/07/2026,A1,1adbaf60-9206-11f1-9518-87ccf2fafc79,02/07/2026,1adbaf60-9206-11f1-9518-87ccf2fafc79,b7a378ab-191f-447f-8c44-c2336f1fbae8,2026-08-29T19:04:24.000Z,2026-08-29T19:04:26.000Z,A1,A1,28.0,No,4.0,16.0,Yes,Yes,11.0,11.0,#bc9934,Yellow,,,No,,,,,,,,,,,,,,,,,,,,,,,,,,,,,,,
PLATE_02,C13,SAM_V_0702_A1,Pleurotus ostreatus,High_RH_Old,49.0,PLATE_02_C13.mzML,Vial exudate ,V,02/07/2026,A1,1adbaf60-9206-11f1-9518-87ccf2fafc79,02/07/2026,1adbaf60-9206-11f1-9518-87ccf2fafc79,b7a378ab-191f-447f-8c44-c2336f1fbae8,2026-08-29T19:04:24.000Z,2026-08-29T19:04:26.000Z,A1,A1,28.0,No,4.0,16.0,Yes,Yes,11.0,11.0,#bc9934,Yellow,,,No,,,,,,,,,,,,,,,,,,,,,,,,,,,,,,,
PLATE_02,C14,SAM_V_0702_A1,Pleurotus ostreatus,High_RH_Old,50.0,PLATE_02_C14.mzML,Vial exudate ,V,02/07/2026,A1,1adbaf60-9206-11f1-9518-87ccf2fafc79,02/07/2026,1adbaf60-9206-11f1-9518-87ccf2fafc79,b7a378ab-191f-447f-8c44-c2336f1fbae8,2026-08-29T19:04:24.000Z,2026-08-29T19:04:26.000Z,A1,A1,28.0,No,4.0,16.0,Yes,Yes,11.0,11.0,#bc9934,Yellow,,,No,,,,,,,,,,,,,,,,,,,,,,,,,,,,,,,
PLATE_02,C15,SAM_V_0702_A1,Pleurotus ostreatus,High_RH_Old,51.0,PLATE_02_C15.mzML,Vial exudate ,V,02/07/2026,A1,1adbaf60-9206-11f1-9518-87ccf2fafc79,02/07/2026,1adbaf60-9206-11f1-9518-87ccf2fafc79,b7a378ab-191f-447f-8c44-c2336f1fbae8,2026-08-29T19:04:24.000Z,2026-08-29T19:04:26.000Z,A1,A1,28.0,No,4.0,16.0,Yes,Yes,11.0,11.0,#bc9934,Yellow,,,No,,,,,,,,,,,,,,,,,,,,,,,,,,,,,,,
PLATE_02,C16,SAM_V_0702_A1,Pleurotus ostreatus,High_RH_Old,52.0,PLATE_02_C16.mzML,Vial exudate ,V,02/07/2026,A1,1adbaf60-9206-11f1-9518-87ccf2fafc79,02/07/2026,1adbaf60-9206-11f1-9518-87ccf2fafc79,b7a378ab-191f-447f-8c44-c2336f1fbae8,2026-08-29T19:04:24.000Z,2026-08-29T19:04:26.000Z,A1,A1,28.0,No,4.0,16.0,Yes,Yes,11.0,11.0,#bc9934,Yellow,,,No,,,,,,,,,,,,,,,,,,,,,,,,,,,,,,,
PLATE_02,C17,SAM_V_0702_A1,Pleurotus ostreatus,High_RH_Old,53.0,PLATE_02_C17.mzML,Vial exudate ,V,02/07/2026,A1,1adbaf60-9206-11f1-9518-87ccf2fafc79,02/07/2026,1adbaf60-9206-11f1-9518-87ccf2fafc79,b7a378ab-191f-447f-8c44-c2336f1fbae8,2026-08-29T19:04:24.000Z,2026-08-29T19:04:26.000Z,A1,A1,28.0,No,4.0,16.0,Yes,Yes,11.0,11.0,#bc9934,Yellow,,,No,,,,,,,,,,,,,,,,,,,,,,,,,,,,,,,
PLATE_02,C18,SAM_V_0702_A1,Pleurotus ostreatus,High_RH_Old,54.0,PLATE_02_C18.mzML,Vial exudate ,V,02/07/2026,A1,1adbaf60-9206-11f1-9518-87ccf2fafc79,02/07/2026,1adbaf60-9206-11f1-9518-87ccf2fafc79,b7a378ab-191f-447f-8c44-c2336f1fbae8,2026-08-29T19:04:24.000Z,2026-08-29T19:04:26.000Z,A1,A1,28.0,No,4.0,16.0,Yes,Yes,11.0,11.0,#bc9934,Yellow,,,No,,,,,,,,,,,,,,,,,,,,,,,,,,,,,,,
PLATE_02,C19,SAM_V_0702_A1,Pleurotus ostreatus,High_RH_Old,55.0,PLATE_02_C19.mzML,Vial exudate ,V,02/07/2026,A1,1adbaf60-9206-11f1-9518-87ccf2fafc79,02/07/2026,1adbaf60-9206-11f1-9518-87ccf2fafc79,b7a378ab-191f-447f-8c44-c2336f1fbae8,2026-08-29T19:04:24.000Z,2026-08-29T19:04:26.000Z,A1,A1,28.0,No,4.0,16.0,Yes,Yes,11.0,11.0,#bc9934,Yellow,,,No,,,,,,,,,,,,,,,,,,,,,,,,,,,,,,,
PLATE_02,C20,SAM_V_0702_A1,Pleurotus ostreatus,High_RH_Old,56.0,PLATE_02_C20.mzML,Vial exudate ,V,02/07/2026,A1,1adbaf60-9206-11f1-9518-87ccf2fafc79,02/07/2026,1adbaf60-9206-11f1-9518-87ccf2fafc79,b7a378ab-191f-447f-8c44-c2336f1fbae8,2026-08-29T19:04:24.000Z,2026-08-29T19:04:26.000Z,A1,A1,28.0,No,4.0,16.0,Yes,Yes,11.0,11.0,#bc9934,Yellow,,,No,,,,,,,,,,,,,,,,,,,,,,,,,,,,,,,
PLATE_02,C21,SAM_V_0702_A1,Pleurotus ostreatus,High_RH_Old,57.0,PLATE_02_C21.mzML,Vial exudate ,V,02/07/2026,A1,1adbaf60-9206-11f1-9518-87ccf2fafc79,02/07/2026,1adbaf60-9206-11f1-9518-87ccf2fafc79,b7a378ab-191f-447f-8c44-c2336f1fbae8,2026-08-29T19:04:24.000Z,2026-08-29T19:04:26.000Z,A1,A1,28.0,No,4.0,16.0,Yes,Yes,11.0,11.0,#bc9934,Yellow,,,No,,,,,,,,,,,,,,,,,,,,,,,,,,,,,,,
PLATE_02,C22,SAM_V_0702_A1,Pleurotus ostreatus,High_RH_Old,58.0,PLATE_02_C22.mzML,Vial exudate ,V,02/07/2026,A1,1adbaf60-9206-11f1-9518-87ccf2fafc79,02/07/2026,1adbaf60-9206-11f1-9518-87ccf2fafc79,b7a378ab-191f-447f-8c44-c2336f1fbae8,2026-08-29T19:04:24.000Z,2026-08-29T19:04:26.000Z,A1,A1,28.0,No,4.0,16.0,Yes,Yes,11.0,11.0,#bc9934,Yellow,,,No,,,,,,,,,,,,,,,,,,,,,,,,,,,,,,,
PLATE_02,C23,SAM_V_0702_A1,Pleurotus ostreatus,High_RH_Old,59.0,PLATE_02_C23.mzML,Vial exudate ,V,02/07/2026,A1,1adbaf60-9206-11f1-9518-87ccf2fafc79,02/07/2026,1adbaf60-9206-11f1-9518-87ccf2fafc79,b7a378ab-191f-447f-8c44-c2336f1fbae8,2026-08-29T19:04:24.000Z,2026-08-29T19:04:26.000Z,A1,A1,28.0,No,4.0,16.0,Yes,Yes,11.0,11.0,#bc9934,Yellow,,,No,,,,,,,,,,,,,,,,,,,,,,,,,,,,,,,
PLATE_02,C24,SAM_V_0702_A1,Pleurotus ostreatus,High_RH_Old,60.0,PLATE_02_C24.mzML,Vial exudate ,V,02/07/2026,A1,1adbaf60-9206-11f1-9518-87ccf2fafc79,02/07/2026,1adbaf60-9206-11f1-9518-87ccf2fafc79,b7a378ab-191f-447f-8c44-c2336f1fbae8,2026-08-29T19:04:24.000Z,2026-08-29T19:04:26.000Z,A1,A1,28.0,No,4.0,16.0,Yes,Yes,11.0,11.0,#bc9934,Yellow,,,No,,,,,,,,,,,,,,,,,,,,,,,,,,,,,,,
PLATE_02,D1,SAM_V_0702_A1,Pleurotus ostreatus,High_RH_Old,61.0,PLATE_02_D1.mzML,Vial exudate ,V,02/07/2026,A1,1adbaf60-9206-11f1-9518-87ccf2fafc79,02/07/2026,1adbaf60-9206-11f1-9518-87ccf2fafc79,b7a378ab-191f-447f-8c44-c2336f1fbae8,2026-08-29T19:04:24.000Z,2026-08-29T19:04:26.000Z,A1,A1,28.0,No,4.0,16.0,Yes,Yes,11.0,11.0,#bc9934,Yellow,,,No,,,,,,,,,,,,,,,,,,,,,,,,,,,,,,,
PLATE_02,D2,SAM_V_0702_A1,Pleurotus ostreatus,High_RH_Old,62.0,PLATE_02_D2.mzML,Vial exudate ,V,02/07/2026,A1,1adbaf60-9206-11f1-9518-87ccf2fafc79,02/07/2026,1adbaf60-9206-11f1-9518-87ccf2fafc79,b7a378ab-191f-447f-8c44-c2336f1fbae8,2026-08-29T19:04:24.000Z,2026-08-29T19:04:26.000Z,A1,A1,28.0,No,4.0,16.0,Yes,Yes,11.0,11.0,#bc9934,Yellow,,,No,,,,,,,,,,,,,,,,,,,,,,,,,,,,,,,
PLATE_02,D3,SAM_V_0702_A1,Pleurotus ostreatus,High_RH_Old,63.0,PLATE_02_D3.mzML,Vial exudate ,V,02/07/2026,A1,1adbaf60-9206-11f1-9518-87ccf2fafc79,02/07/2026,1adbaf60-9206-11f1-9518-87ccf2fafc79,b7a378ab-191f-447f-8c44-c2336f1fbae8,2026-08-29T19:04:24.000Z,2026-08-29T19:04:26.000Z,A1,A1,28.0,No,4.0,16.0,Yes,Yes,11.0,11.0,#bc9934,Yellow,,,No,,,,,,,,,,,,,,,,,,,,,,,,,,,,,,,
PLATE_02,D4,SAM_V_0702_A1,Pleurotus ostreatus,High_RH_Old,64.0,PLATE_02_D4.mzML,Vial exudate ,V,02/07/2026,A1,1adbaf60-9206-11f1-9518-87ccf2fafc79,02/07/2026,1adbaf60-9206-11f1-9518-87ccf2fafc79,b7a378ab-191f-447f-8c44-c2336f1fbae8,2026-08-29T19:04:24.000Z,2026-08-29T19:04:26.000Z,A1,A1,28.0,No,4.0,16.0,Yes,Yes,11.0,11.0,#bc9934,Yellow,,,No,,,,,,,,,,,,,,,,,,,,,,,,,,,,,,,
PLATE_02,D5,SAM_V_0702_A1,Pleurotus ostreatus,High_RH_Old,65.0,PLATE_02_D5.mzML,Vial exudate ,V,02/07/2026,A1,1adbaf60-9206-11f1-9518-87ccf2fafc79,02/07/2026,1adbaf60-9206-11f1-9518-87ccf2fafc79,b7a378ab-191f-447f-8c44-c2336f1fbae8,2026-08-29T19:04:24.000Z,2026-08-29T19:04:26.000Z,A1,A1,28.0,No,4.0,16.0,Yes,Yes,11.0,11.0,#bc9934,Yellow,,,No,,,,,,,,,,,,,,,,,,,,,,,,,,,,,,,
PLATE_02,D6,SAM_V_0702_A1,Pleurotus ostreatus,High_RH_Old,66.0,PLATE_02_D6.mzML,Vial exudate ,V,02/07/2026,A1,1adbaf60-9206-11f1-9518-87ccf2fafc79,02/07/2026,1adbaf60-9206-11f1-9518-87ccf2fafc79,b7a378ab-191f-447f-8c44-c2336f1fbae8,2026-08-29T19:04:24.000Z,2026-08-29T19:04:26.000Z,A1,A1,28.0,No,4.0,16.0,Yes,Yes,11.0,11.0,#bc9934,Yellow,,,No,,,,,,,,,,,,,,,,,,,,,,,,,,,,,,,
PLATE_02,D7,SAM_V_0702_A1,Pleurotus ostreatus,High_RH_Old,67.0,PLATE_02_D7.mzML,Vial exudate ,V,02/07/2026,A1,1adbaf60-9206-11f1-9518-87ccf2fafc79,02/07/2026,1adbaf60-9206-11f1-9518-87ccf2fafc79,b7a378ab-191f-447f-8c44-c2336f1fbae8,2026-08-29T19:04:24.000Z,2026-08-29T19:04:26.000Z,A1,A1,28.0,No,4.0,16.0,Yes,Yes,11.0,11.0,#bc9934,Yellow,,,No,,,,,,,,,,,,,,,,,,,,,,,,,,,,,,,
PLATE_02,D8,SAM_V_0702_A1,Pleurotus ostreatus,High_RH_Old,68.0,PLATE_02_D8.mzML,Vial exudate ,V,02/07/2026,A1,1adbaf60-9206-11f1-9518-87ccf2fafc79,02/07/2026,1adbaf60-9206-11f1-9518-87ccf2fafc79,b7a378ab-191f-447f-8c44-c2336f1fbae8,2026-08-29T19:04:24.000Z,2026-08-29T19:04:26.000Z,A1,A1,28.0,No,4.0,16.0,Yes,Yes,11.0,11.0,#bc9934,Yellow,,,No,,,,,,,,,,,,,,,,,,,,,,,,,,,,,,,
PLATE_02,D9,SAM_V_0702_A1,Pleurotus ostreatus,High_RH_Old,69.0,PLATE_02_D9.mzML,Vial exudate ,V,02/07/2026,A1,1adbaf60-9206-11f1-9518-87ccf2fafc79,02/07/2026,1adbaf60-9206-11f1-9518-87ccf2fafc79,b7a378ab-191f-447f-8c44-c2336f1fbae8,2026-08-29T19:04:24.000Z,2026-08-29T19:04:26.000Z,A1,A1,28.0,No,4.0,16.0,Yes,Yes,11.0,11.0,#bc9934,Yellow,,,No,,,,,,,,,,,,,,,,,,,,,,,,,,,,,,,
PLATE_02,D10,SAM_V_0702_A1,Pleurotus ostreatus,High_RH_Old,70.0,PLATE_02_D10.mzML,Vial exudate ,V,02/07/2026,A1,1adbaf60-9206-11f1-9518-87ccf2fafc79,02/07/2026,1adbaf60-9206-11f1-9518-87ccf2fafc79,b7a378ab-191f-447f-8c44-c2336f1fbae8,2026-08-29T19:04:24.000Z,2026-08-29T19:04:26.000Z,A1,A1,28.0,No,4.0,16.0,Yes,Yes,11.0,11.0,#bc9934,Yellow,,,No,,,,,,,,,,,,,,,,,,,,,,,,,,,,,,,
PLATE_02,D11,SAM_V_0702_A1,Pleurotus ostreatus,High_RH_Old,71.0,PLATE_02_D11.mzML,Vial exudate ,V,02/07/2026,A1,1adbaf60-9206-11f1-9518-87ccf2fafc79,02/07/2026,1adbaf60-9206-11f1-9518-87ccf2fafc79,b7a378ab-191f-447f-8c44-c2336f1fbae8,2026-08-29T19:04:24.000Z,2026-08-29T19:04:26.000Z,A1,A1,28.0,No,4.0,16.0,Yes,Yes,11.0,11.0,#bc9934,Yellow,,,No,,,,,,,,,,,,,,,,,,,,,,,,,,,,,,,
PLATE_02,D12,SAM_V_0702_A1,Pleurotus ostreatus,High_RH_Old,72.0,PLATE_02_D12.mzML,Vial exudate ,V,02/07/2026,A1,1adbaf60-9206-11f1-9518-87ccf2fafc79,02/07/2026,1adbaf60-9206-11f1-9518-87ccf2fafc79,b7a378ab-191f-447f-8c44-c2336f1fbae8,2026-08-29T19:04:24.000Z,2026-08-29T19:04:26.000Z,A1,A1,28.0,No,4.0,16.0,Yes,Yes,11.0,11.0,#bc9934,Yellow,,,No,,,,,,,,,,,,,,,,,,,,,,,,,,,,,,,
PLATE_02,D13,SAM_V_0702_A1,Pleurotus ostreatus,High_RH_Old,73.0,PLATE_02_D13.mzML,Vial exudate ,V,02/07/2026,A1,1adbaf60-9206-11f1-9518-87ccf2fafc79,02/07/2026,1adbaf60-9206-11f1-9518-87ccf2fafc79,b7a378ab-191f-447f-8c44-c2336f1fbae8,2026-08-29T19:04:24.000Z,2026-08-29T19:04:26.000Z,A1,A1,28.0,No,4.0,16.0,Yes,Yes,11.0,11.0,#bc9934,Yellow,,,No,,,,,,,,,,,,,,,,,,,,,,,,,,,,,,,
PLATE_02,D14,SAM_V_0702_A1,Pleurotus ostreatus,High_RH_Old,74.0,PLATE_02_D14.mzML,Vial exudate ,V,02/07/2026,A1,1adbaf60-9206-11f1-9518-87ccf2fafc79,02/07/2026,1adbaf60-9206-11f1-9518-87ccf2fafc79,b7a378ab-191f-447f-8c44-c2336f1fbae8,2026-08-29T19:04:24.000Z,2026-08-29T19:04:26.000Z,A1,A1,28.0,No,4.0,16.0,Yes,Yes,11.0,11.0,#bc9934,Yellow,,,No,,,,,,,,,,,,,,,,,,,,,,,,,,,,,,,
PLATE_02,D15,SAM_V_0702_A1,Pleurotus ostreatus,High_RH_Old,75.0,PLATE_02_D15.mzML,Vial exudate ,V,02/07/2026,A1,1adbaf60-9206-11f1-9518-87ccf2fafc79,02/07/2026,1adbaf60-9206-11f1-9518-87ccf2fafc79,b7a378ab-191f-447f-8c44-c2336f1fbae8,2026-08-29T19:04:24.000Z,2026-08-29T19:04:26.000Z,A1,A1,28.0,No,4.0,16.0,Yes,Yes,11.0,11.0,#bc9934,Yellow,,,No,,,,,,,,,,,,,,,,,,,,,,,,,,,,,,,
PLATE_02,D16,SAM_V_0702_A1,Pleurotus ostreatus,High_RH_Old,76.0,PLATE_02_D16.mzML,Vial exudate ,V,02/07/2026,A1,1adbaf60-9206-11f1-9518-87ccf2fafc79,02/07/2026,1adbaf60-9206-11f1-9518-87ccf2fafc79,b7a378ab-191f-447f-8c44-c2336f1fbae8,2026-08-29T19:04:24.000Z,2026-08-29T19:04:26.000Z,A1,A1,28.0,No,4.0,16.0,Yes,Yes,11.0,11.0,#bc9934,Yellow,,,No,,,,,,,,,,,,,,,,,,,,,,,,,,,,,,,
PLATE_02,D17,SAM_V_0702_A1,Pleurotus ostreatus,High_RH_Old,77.0,PLATE_02_D17.mzML,Vial exudate ,V,02/07/2026,A1,1adbaf60-9206-11f1-9518-87ccf2fafc79,02/07/2026,1adbaf60-9206-11f1-9518-87ccf2fafc79,b7a378ab-191f-447f-8c44-c2336f1fbae8,2026-08-29T19:04:24.000Z,2026-08-29T19:04:26.000Z,A1,A1,28.0,No,4.0,16.0,Yes,Yes,11.0,11.0,#bc9934,Yellow,,,No,,,,,,,,,,,,,,,,,,,,,,,,,,,,,,,
PLATE_02,D18,SAM_V_0702_A1,Pleurotus ostreatus,High_RH_Old,78.0,PLATE_02_D18.mzML,Vial exudate ,V,02/07/2026,A1,1adbaf60-9206-11f1-9518-87ccf2fafc79,02/07/2026,1adbaf60-9206-11f1-9518-87ccf2fafc79,b7a378ab-191f-447f-8c44-c2336f1fbae8,2026-08-29T19:04:24.000Z,2026-08-29T19:04:26.000Z,A1,A1,28.0,No,4.0,16.0,Yes,Yes,11.0,11.0,#bc9934,Yellow,,,No,,,,,,,,,,,,,,,,,,,,,,,,,,,,,,,
PLATE_02,D19,SAM_V_0702_A1,Pleurotus ostreatus,High_RH_Old,79.0,PLATE_02_D19.mzML,Vial exudate ,V,02/07/2026,A1,1adbaf60-9206-11f1-9518-87ccf2fafc79,02/07/2026,1adbaf60-9206-11f1-9518-87ccf2fafc79,b7a378ab-191f-447f-8c44-c2336f1fbae8,2026-08-29T19:04:24.000Z,2026-08-29T19:04:26.000Z,A1,A1,28.0,No,4.0,16.0,Yes,Yes,11.0,11.0,#bc9934,Yellow,,,No,,,,,,,,,,,,,,,,,,,,,,,,,,,,,,,
PLATE_02,D20,SAM_V_0702_A1,Pleurotus ostreatus,High_RH_Old,80.0,PLATE_02_D20.mzML,Vial exudate ,V,02/07/2026,A1,1adbaf60-9206-11f1-9518-87ccf2fafc79,02/07/2026,1adbaf60-9206-11f1-9518-87ccf2fafc79,b7a378ab-191f-447f-8c44-c2336f1fbae8,2026-08-29T19:04:24.000Z,2026-08-29T19:04:26.000Z,A1,A1,28.0,No,4.0,16.0,Yes,Yes,11.0,11.0,#bc9934,Yellow,,,No,,,,,,,,,,,,,,,,,,,,,,,,,,,,,,,
PLATE_02,D21,SAM_V_0702_A1,Pleurotus ostreatus,High_RH_Old,81.0,PLATE_02_D21.mzML,Vial exudate ,V,02/07/2026,A1,1adbaf60-9206-11f1-9518-87ccf2fafc79,02/07/2026,1adbaf60-9206-11f1-9518-87ccf2fafc79,b7a378ab-191f-447f-8c44-c2336f1fbae8,2026-08-29T19:04:24.000Z,2026-08-29T19:04:26.000Z,A1,A1,28.0,No,4.0,16.0,Yes,Yes,11.0,11.0,#bc9934,Yellow,,,No,,,,,,,,,,,,,,,,,,,,,,,,,,,,,,,
PLATE_02,D22,SAM_V_0702_A1,Pleurotus ostreatus,High_RH_Old,82.0,PLATE_02_D22.mzML,Vial exudate ,V,02/07/2026,A1,1adbaf60-9206-11f1-9518-87ccf2fafc79,02/07/2026,1adbaf60-9206-11f1-9518-87ccf2fafc79,b7a378ab-191f-447f-8c44-c2336f1fbae8,2026-08-29T19:04:24.000Z,2026-08-29T19:04:26.000Z,A1,A1,28.0,No,4.0,16.0,Yes,Yes,11.0,11.0,#bc9934,Yellow,,,No,,,,,,,,,,,,,,,,,,,,,,,,,,,,,,,
PLATE_02,D23,SAM_V_0702_A1,Pleurotus ostreatus,High_RH_Old,83.0,PLATE_02_D23.mzML,Vial exudate ,V,02/07/2026,A1,1adbaf60-9206-11f1-9518-87ccf2fafc79,02/07/2026,1adbaf60-9206-11f1-9518-87ccf2fafc79,b7a378ab-191f-447f-8c44-c2336f1fbae8,2026-08-29T19:04:24.000Z,2026-08-29T19:04:26.000Z,A1,A1,28.0,No,4.0,16.0,Yes,Yes,11.0,11.0,#bc9934,Yellow,,,No,,,,,,,,,,,,,,,,,,,,,,,,,,,,,,,
PLATE_02,D24,SAM_V_0702_A1,Pleurotus ostreatus,High_RH_Old,84.0,PLATE_02_D24.mzML,Vial exudate ,V,02/07/2026,A1,1adbaf60-9206-11f1-9518-87ccf2fafc79,02/07/2026,1adbaf60-9206-11f1-9518-87ccf2fafc79,b7a378ab-191f-447f-8c44-c2336f1fbae8,2026-08-29T19:04:24.000Z,2026-08-29T19:04:26.000Z,A1,A1,28.0,No,4.0,16.0,Yes,Yes,11.0,11.0,#bc9934,Yellow,,,No,,,,,,,,,,,,,,,,,,,,,,,,,,,,,,,
PLATE_02,E1,SAM_V_0702_A1,Pleurotus ostreatus,High_RH_Old,85.0,PLATE_02_E1.mzML,Vial exudate ,V,02/07/2026,A1,1adbaf60-9206-11f1-9518-87ccf2fafc79,02/07/2026,1adbaf60-9206-11f1-9518-87ccf2fafc79,b7a378ab-191f-447f-8c44-c2336f1fbae8,2026-08-29T19:04:24.000Z,2026-08-29T19:04:26.000Z,A1,A1,28.0,No,4.0,16.0,Yes,Yes,11.0,11.0,#bc9934,Yellow,,,No,,,,,,,,,,,,,,,,,,,,,,,,,,,,,,,
PLATE_02,E2,SAM_V_0702_A1,Pleurotus ostreatus,High_RH_Old,86.0,PLATE_02_E2.mzML,Vial exudate ,V,02/07/2026,A1,1adbaf60-9206-11f1-9518-87ccf2fafc79,02/07/2026,1adbaf60-9206-11f1-9518-87ccf2fafc79,b7a378ab-191f-447f-8c44-c2336f1fbae8,2026-08-29T19:04:24.000Z,2026-08-29T19:04:26.000Z,A1,A1,28.0,No,4.0,16.0,Yes,Yes,11.0,11.0,#bc9934,Yellow,,,No,,,,,,,,,,,,,,,,,,,,,,,,,,,,,,,
PLATE_02,E3,SAM_V_0702_A1,Pleurotus ostreatus,High_RH_Old,87.0,PLATE_02_E3.mzML,Vial exudate ,V,02/07/2026,A1,1adbaf60-9206-11f1-9518-87ccf2fafc79,02/07/2026,1adbaf60-9206-11f1-9518-87ccf2fafc79,b7a378ab-191f-447f-8c44-c2336f1fbae8,2026-08-29T19:04:24.000Z,2026-08-29T19:04:26.000Z,A1,A1,28.0,No,4.0,16.0,Yes,Yes,11.0,11.0,#bc9934,Yellow,,,No,,,,,,,,,,,,,,,,,,,,,,,,,,,,,,,
PLATE_02,E4,SAM_V_0702_A1,Pleurotus ostreatus,High_RH_Old,88.0,PLATE_02_E4.mzML,Vial exudate ,V,02/07/2026,A1,1adbaf60-9206-11f1-9518-87ccf2fafc79,02/07/2026,1adbaf60-9206-11f1-9518-87ccf2fafc79,b7a378ab-191f-447f-8c44-c2336f1fbae8,2026-08-29T19:04:24.000Z,2026-08-29T19:04:26.000Z,A1,A1,28.0,No,4.0,16.0,Yes,Yes,11.0,11.0,#bc9934,Yellow,,,No,,,,,,,,,,,,,,,,,,,,,,,,,,,,,,,
PLATE_02,E5,SAM_V_0702_A1,Pleurotus ostreatus,High_RH_Old,89.0,PLATE_02_E5.mzML,Vial exudate ,V,02/07/2026,A1,1adbaf60-9206-11f1-9518-87ccf2fafc79,02/07/2026,1adbaf60-9206-11f1-9518-87ccf2fafc79,b7a378ab-191f-447f-8c44-c2336f1fbae8,2026-08-29T19:04:24.000Z,2026-08-29T19:04:26.000Z,A1,A1,28.0,No,4.0,16.0,Yes,Yes,11.0,11.0,#bc9934,Yellow,,,No,,,,,,,,,,,,,,,,,,,,,,,,,,,,,,,
PLATE_02,E6,SAM_V_0702_A1,Pleurotus ostreatus,High_RH_Old,90.0,PLATE_02_E6.mzML,Vial exudate ,V,02/07/2026,A1,1adbaf60-9206-11f1-9518-87ccf2fafc79,02/07/2026,1adbaf60-9206-11f1-9518-87ccf2fafc79,b7a378ab-191f-447f-8c44-c2336f1fbae8,2026-08-29T19:04:24.000Z,2026-08-29T19:04:26.000Z,A1,A1,28.0,No,4.0,16.0,Yes,Yes,11.0,11.0,#bc9934,Yellow,,,No,,,,,,,,,,,,,,,,,,,,,,,,,,,,,,,
PLATE_02,E7,SAM_V_0702_A1,Pleurotus ostreatus,High_RH_Old,91.0,PLATE_02_E7.mzML,Vial exudate ,V,02/07/2026,A1,1adbaf60-9206-11f1-9518-87ccf2fafc79,02/07/2026,1adbaf60-9206-11f1-9518-87ccf2fafc79,b7a378ab-191f-447f-8c44-c2336f1fbae8,2026-08-29T19:04:24.000Z,2026-08-29T19:04:26.000Z,A1,A1,28.0,No,4.0,16.0,Yes,Yes,11.0,11.0,#bc9934,Yellow,,,No,,,,,,,,,,,,,,,,,,,,,,,,,,,,,,,
PLATE_02,E8,SAM_V_0702_A1,Pleurotus ostreatus,High_RH_Old,92.0,PLATE_02_E8.mzML,Vial exudate ,V,02/07/2026,A1,1adbaf60-9206-11f1-9518-87ccf2fafc79,02/07/2026,1adbaf60-9206-11f1-9518-87ccf2fafc79,b7a378ab-191f-447f-8c44-c2336f1fbae8,2026-08-29T19:04:24.000Z,2026-08-29T19:04:26.000Z,A1,A1,28.0,No,4.0,16.0,Yes,Yes,11.0,11.0,#bc9934,Yellow,,,No,,,,,,,,,,,,,,,,,,,,,,,,,,,,,,,
PLATE_02,E9,SAM_V_0702_A1,Pleurotus ostreatus,High_RH_Old,93.0,PLATE_02_E9.mzML,Vial exudate ,V,02/07/2026,A1,1adbaf60-9206-11f1-9518-87ccf2fafc79,02/07/2026,1adbaf60-9206-11f1-9518-87ccf2fafc79,b7a378ab-191f-447f-8c44-c2336f1fbae8,2026-08-29T19:04:24.000Z,2026-08-29T19:04:26.000Z,A1,A1,28.0,No,4.0,16.0,Yes,Yes,11.0,11.0,#bc9934,Yellow,,,No,,,,,,,,,,,,,,,,,,,,,,,,,,,,,,,
PLATE_02,E10,SAM_V_0702_A1,Pleurotus ostreatus,High_RH_Old,94.0,PLATE_02_E10.mzML,Vial exudate ,V,02/07/2026,A1,1adbaf60-9206-11f1-9518-87ccf2fafc79,02/07/2026,1adbaf60-9206-11f1-9518-87ccf2fafc79,b7a378ab-191f-447f-8c44-c2336f1fbae8,2026-08-29T19:04:24.000Z,2026-08-29T19:04:26.000Z,A1,A1,28.0,No,4.0,16.0,Yes,Yes,11.0,11.0,#bc9934,Yellow,,,No,,,,,,,,,,,,,,,,,,,,,,,,,,,,,,,
PLATE_02,E11,SAM_V_0702_A1,Pleurotus ostreatus,High_RH_Old,95.0,PLATE_02_E11.mzML,Vial exudate ,V,02/07/2026,A1,1adbaf60-9206-11f1-9518-87ccf2fafc79,02/07/2026,1adbaf60-9206-11f1-9518-87ccf2fafc79,b7a378ab-191f-447f-8c44-c2336f1fbae8,2026-08-29T19:04:24.000Z,2026-08-29T19:04:26.000Z,A1,A1,28.0,No,4.0,16.0,Yes,Yes,11.0,11.0,#bc9934,Yellow,,,No,,,,,,,,,,,,,,,,,,,,,,,,,,,,,,,
PLATE_02,E12,SAM_V_0702_A1,Pleurotus ostreatus,High_RH_Old,96.0,PLATE_02_E12.mzML,Vial exudate ,V,02/07/2026,A1,1adbaf60-9206-11f1-9518-87ccf2fafc79,02/07/2026,1adbaf60-9206-11f1-9518-87ccf2fafc79,b7a378ab-191f-447f-8c44-c2336f1fbae8,2026-08-29T19:04:24.000Z,2026-08-29T19:04:26.000Z,A1,A1,28.0,No,4.0,16.0,Yes,Yes,11.0,11.0,#bc9934,Yellow,,,No,,,,,,,,,,,,,,,,,,,,,,,,,,,,,,,
PLATE_02,E13,SAM_V_0702_A1,Pleurotus ostreatus,High_RH_Old,97.0,PLATE_02_E13.mzML,Vial exudate ,V,02/07/2026,A1,1adbaf60-9206-11f1-9518-87ccf2fafc79,02/07/2026,1adbaf60-9206-11f1-9518-87ccf2fafc79,b7a378ab-191f-447f-8c44-c2336f1fbae8,2026-08-29T19:04:24.000Z,2026-08-29T19:04:26.000Z,A1,A1,28.0,No,4.0,16.0,Yes,Yes,11.0,11.0,#bc9934,Yellow,,,No,,,,,,,,,,,,,,,,,,,,,,,,,,,,,,,
PLATE_02,E14,SAM_V_0702_A1,Pleurotus ostreatus,High_RH_Old,98.0,PLATE_02_E14.mzML,Vial exudate ,V,02/07/2026,A1,1adbaf60-9206-11f1-9518-87ccf2fafc79,02/07/2026,1adbaf60-9206-11f1-9518-87ccf2fafc79,b7a378ab-191f-447f-8c44-c2336f1fbae8,2026-08-29T19:04:24.000Z,2026-08-29T19:04:26.000Z,A1,A1,28.0,No,4.0,16.0,Yes,Yes,11.0,11.0,#bc9934,Yellow,,,No,,,,,,,,,,,,,,,,,,,,,,,,,,,,,,,
PLATE_02,E15,SAM_V_0702_A1,Pleurotus ostreatus,High_RH_Old,99.0,PLATE_02_E15.mzML,Vial exudate ,V,02/07/2026,A1,1adbaf60-9206-11f1-9518-87ccf2fafc79,02/07/2026,1adbaf60-9206-11f1-9518-87ccf2fafc79,b7a378ab-191f-447f-8c44-c2336f1fbae8,2026-08-29T19:04:24.000Z,2026-08-29T19:04:26.000Z,A1,A1,28.0,No,4.0,16.0,Yes,Yes,11.0,11.0,#bc9934,Yellow,,,No,,,,,,,,,,,,,,,,,,,,,,,,,,,,,,,
PLATE_02,E16,SAM_V_0702_A1,Pleurotus ostreatus,High_RH_Old,100.0,PLATE_02_E16.mzML,Vial exudate ,V,02/07/2026,A1,1adbaf60-9206-11f1-9518-87ccf2fafc79,02/07/2026,1adbaf60-9206-11f1-9518-87ccf2fafc79,b7a378ab-191f-447f-8c44-c2336f1fbae8,2026-08-29T19:04:24.000Z,2026-08-29T19:04:26.000Z,A1,A1,28.0,No,4.0,16.0,Yes,Yes,11.0,11.0,#bc9934,Yellow,,,No,,,,,,,,,,,,,,,,,,,,,,,,,,,,,,,
PLATE_02,E17,SAM_V_0702_A1,Pleurotus ostreatus,High_RH_Old,101.0,PLATE_02_E17.mzML,Vial exudate ,V,02/07/2026,A1,1adbaf60-9206-11f1-9518-87ccf2fafc79,02/07/2026,1adbaf60-9206-11f1-9518-87ccf2fafc79,b7a378ab-191f-447f-8c44-c2336f1fbae8,2026-08-29T19:04:24.000Z,2026-08-29T19:04:26.000Z,A1,A1,28.0,No,4.0,16.0,Yes,Yes,11.0,11.0,#bc9934,Yellow,,,No,,,,,,,,,,,,,,,,,,,,,,,,,,,,,,,
PLATE_02,E18,SAM_V_0702_A1,Pleurotus ostreatus,High_RH_Old,102.0,PLATE_02_E18.mzML,Vial exudate ,V,02/07/2026,A1,1adbaf60-9206-11f1-9518-87ccf2fafc79,02/07/2026,1adbaf60-9206-11f1-9518-87ccf2fafc79,b7a378ab-191f-447f-8c44-c2336f1fbae8,2026-08-29T19:04:24.000Z,2026-08-29T19:04:26.000Z,A1,A1,28.0,No,4.0,16.0,Yes,Yes,11.0,11.0,#bc9934,Yellow,,,No,,,,,,,,,,,,,,,,,,,,,,,,,,,,,,,
PLATE_02,E19,SAM_V_0702_A1,Pleurotus ostreatus,High_RH_Old,103.0,PLATE_02_E19.mzML,Vial exudate ,V,02/07/2026,A1,1adbaf60-9206-11f1-9518-87ccf2fafc79,02/07/2026,1adbaf60-9206-11f1-9518-87ccf2fafc79,b7a378ab-191f-447f-8c44-c2336f1fbae8,2026-08-29T19:04:24.000Z,2026-08-29T19:04:26.000Z,A1,A1,28.0,No,4.0,16.0,Yes,Yes,11.0,11.0,#bc9934,Yellow,,,No,,,,,,,,,,,,,,,,,,,,,,,,,,,,,,,
PLATE_02,E20,SAM_V_0702_A1,Pleurotus ostreatus,High_RH_Old,104.0,PLATE_02_E20.mzML,Vial exudate ,V,02/07/2026,A1,1adbaf60-9206-11f1-9518-87ccf2fafc79,02/07/2026,1adbaf60-9206-11f1-9518-87ccf2fafc79,b7a378ab-191f-447f-8c44-c2336f1fbae8,2026-08-29T19:04:24.000Z,2026-08-29T19:04:26.000Z,A1,A1,28.0,No,4.0,16.0,Yes,Yes,11.0,11.0,#bc9934,Yellow,,,No,,,,,,,,,,,,,,,,,,,,,,,,,,,,,,,
PLATE_02,E21,SAM_V_0702_A1,Pleurotus ostreatus,High_RH_Old,105.0,PLATE_02_E21.mzML,Vial exudate ,V,02/07/2026,A1,1adbaf60-9206-11f1-9518-87ccf2fafc79,02/07/2026,1adbaf60-9206-11f1-9518-87ccf2fafc79,b7a378ab-191f-447f-8c44-c2336f1fbae8,2026-08-29T19:04:24.000Z,2026-08-29T19:04:26.000Z,A1,A1,28.0,No,4.0,16.0,Yes,Yes,11.0,11.0,#bc9934,Yellow,,,No,,,,,,,,,,,,,,,,,,,,,,,,,,,,,,,
PLATE_02,E22,SAM_V_0702_A1,Pleurotus ostreatus,High_RH_Old,106.0,PLATE_02_E22.mzML,Vial exudate ,V,02/07/2026,A1,1adbaf60-9206-11f1-9518-87ccf2fafc79,02/07/2026,1adbaf60-9206-11f1-9518-87ccf2fafc79,b7a378ab-191f-447f-8c44-c2336f1fbae8,2026-08-29T19:04:24.000Z,2026-08-29T19:04:26.000Z,A1,A1,28.0,No,4.0,16.0,Yes,Yes,11.0,11.0,#bc9934,Yellow,,,No,,,,,,,,,,,,,,,,,,,,,,,,,,,,,,,
PLATE_02,E23,SAM_V_0702_A1,Pleurotus ostreatus,High_RH_Old,107.0,PLATE_02_E23.mzML,Vial exudate ,V,02/07/2026,A1,1adbaf60-9206-11f1-9518-87ccf2fafc79,02/07/2026,1adbaf60-9206-11f1-9518-87ccf2fafc79,b7a378ab-191f-447f-8c44-c2336f1fbae8,2026-08-29T19:04:24.000Z,2026-08-29T19:04:26.000Z,A1,A1,28.0,No,4.0,16.0,Yes,Yes,11.0,11.0,#bc9934,Yellow,,,No,,,,,,,,,,,,,,,,,,,,,,,,,,,,,,,
PLATE_02,E24,SAM_V_0702_A1,Pleurotus ostreatus,High_RH_Old,108.0,PLATE_02_E24.mzML,Vial exudate ,V,02/07/2026,A1,1adbaf60-9206-11f1-9518-87ccf2fafc79,02/07/2026,1adbaf60-9206-11f1-9518-87ccf2fafc79,b7a378ab-191f-447f-8c44-c2336f1fbae8,2026-08-29T19:04:24.000Z,2026-08-29T19:04:26.000Z,A1,A1,28.0,No,4.0,16.0,Yes,Yes,11.0,11.0,#bc9934,Yellow,,,No,,,,,,,,,,,,,,,,,,,,,,,,,,,,,,,
PLATE_02,F1,SAM_V_0702_A1,Pleurotus ostreatus,High_RH_Old,109.0,PLATE_02_F1.mzML,Vial exudate ,V,02/07/2026,A1,1adbaf60-9206-11f1-9518-87ccf2fafc79,02/07/2026,1adbaf60-9206-11f1-9518-87ccf2fafc79,b7a378ab-191f-447f-8c44-c2336f1fbae8,2026-08-29T19:04:24.000Z,2026-08-29T19:04:26.000Z,A1,A1,28.0,No,4.0,16.0,Yes,Yes,11.0,11.0,#bc9934,Yellow,,,No,,,,,,,,,,,,,,,,,,,,,,,,,,,,,,,
PLATE_02,F2,SAM_V_0702_A1,Pleurotus ostreatus,High_RH_Old,110.0,PLATE_02_F2.mzML,Vial exudate ,V,02/07/2026,A1,1adbaf60-9206-11f1-9518-87ccf2fafc79,02/07/2026,1adbaf60-9206-11f1-9518-87ccf2fafc79,b7a378ab-191f-447f-8c44-c2336f1fbae8,2026-08-29T19:04:24.000Z,2026-08-29T19:04:26.000Z,A1,A1,28.0,No,4.0,16.0,Yes,Yes,11.0,11.0,#bc9934,Yellow,,,No,,,,,,,,,,,,,,,,,,,,,,,,,,,,,,,
PLATE_02,F3,SAM_V_0702_A1,Pleurotus ostreatus,High_RH_Old,111.0,PLATE_02_F3.mzML,Vial exudate ,V,02/07/2026,A1,1adbaf60-9206-11f1-9518-87ccf2fafc79,02/07/2026,1adbaf60-9206-11f1-9518-87ccf2fafc79,b7a378ab-191f-447f-8c44-c2336f1fbae8,2026-08-29T19:04:24.000Z,2026-08-29T19:04:26.000Z,A1,A1,28.0,No,4.0,16.0,Yes,Yes,11.0,11.0,#bc9934,Yellow,,,No,,,,,,,,,,,,,,,,,,,,,,,,,,,,,,,
PLATE_02,F4,SAM_V_0702_A1,Pleurotus ostreatus,High_RH_Old,112.0,PLATE_02_F4.mzML,Vial exudate ,V,02/07/2026,A1,1adbaf60-9206-11f1-9518-87ccf2fafc79,02/07/2026,1adbaf60-9206-11f1-9518-87ccf2fafc79,b7a378ab-191f-447f-8c44-c2336f1fbae8,2026-08-29T19:04:24.000Z,2026-08-29T19:04:26.000Z,A1,A1,28.0,No,4.0,16.0,Yes,Yes,11.0,11.0,#bc9934,Yellow,,,No,,,,,,,,,,,,,,,,,,,,,,,,,,,,,,,
PLATE_02,F5,SAM_V_0702_A1,Pleurotus ostreatus,High_RH_Old,113.0,PLATE_02_F5.mzML,Vial exudate ,V,02/07/2026,A1,1adbaf60-9206-11f1-9518-87ccf2fafc79,02/07/2026,1adbaf60-9206-11f1-9518-87ccf2fafc79,b7a378ab-191f-447f-8c44-c2336f1fbae8,2026-08-29T19:04:24.000Z,2026-08-29T19:04:26.000Z,A1,A1,28.0,No,4.0,16.0,Yes,Yes,11.0,11.0,#bc9934,Yellow,,,No,,,,,,,,,,,,,,,,,,,,,,,,,,,,,,,
PLATE_02,F6,SAM_V_0702_A1,Pleurotus ostreatus,High_RH_Old,114.0,PLATE_02_F6.mzML,Vial exudate ,V,02/07/2026,A1,1adbaf60-9206-11f1-9518-87ccf2fafc79,02/07/2026,1adbaf60-9206-11f1-9518-87ccf2fafc79,b7a378ab-191f-447f-8c44-c2336f1fbae8,2026-08-29T19:04:24.000Z,2026-08-29T19:04:26.000Z,A1,A1,28.0,No,4.0,16.0,Yes,Yes,11.0,11.0,#bc9934,Yellow,,,No,,,,,,,,,,,,,,,,,,,,,,,,,,,,,,,
PLATE_02,F7,SAM_V_0702_A1,Pleurotus ostreatus,High_RH_Old,115.0,PLATE_02_F7.mzML,Vial exudate ,V,02/07/2026,A1,1adbaf60-9206-11f1-9518-87ccf2fafc79,02/07/2026,1adbaf60-9206-11f1-9518-87ccf2fafc79,b7a378ab-191f-447f-8c44-c2336f1fbae8,2026-08-29T19:04:24.000Z,2026-08-29T19:04:26.000Z,A1,A1,28.0,No,4.0,16.0,Yes,Yes,11.0,11.0,#bc9934,Yellow,,,No,,,,,,,,,,,,,,,,,,,,,,,,,,,,,,,
PLATE_02,F8,SAM_V_0702_A1,Pleurotus ostreatus,High_RH_Old,116.0,PLATE_02_F8.mzML,Vial exudate ,V,02/07/2026,A1,1adbaf60-9206-11f1-9518-87ccf2fafc79,02/07/2026,1adbaf60-9206-11f1-9518-87ccf2fafc79,b7a378ab-191f-447f-8c44-c2336f1fbae8,2026-08-29T19:04:24.000Z,2026-08-29T19:04:26.000Z,A1,A1,28.0,No,4.0,16.0,Yes,Yes,11.0,11.0,#bc9934,Yellow,,,No,,,,,,,,,,,,,,,,,,,,,,,,,,,,,,,
PLATE_02,F9,SAM_V_0702_A1,Pleurotus ostreatus,High_RH_Old,117.0,PLATE_02_F9.mzML,Vial exudate ,V,02/07/2026,A1,1adbaf60-9206-11f1-9518-87ccf2fafc79,02/07/2026,1adbaf60-9206-11f1-9518-87ccf2fafc79,b7a378ab-191f-447f-8c44-c2336f1fbae8,2026-08-29T19:04:24.000Z,2026-08-29T19:04:26.000Z,A1,A1,28.0,No,4.0,16.0,Yes,Yes,11.0,11.0,#bc9934,Yellow,,,No,,,,,,,,,,,,,,,,,,,,,,,,,,,,,,,
PLATE_02,F10,SAM_V_0702_A1,Pleurotus ostreatus,High_RH_Old,118.0,PLATE_02_F10.mzML,Vial exudate ,V,02/07/2026,A1,1adbaf60-9206-11f1-9518-87ccf2fafc79,02/07/2026,1adbaf60-9206-11f1-9518-87ccf2fafc79,b7a378ab-191f-447f-8c44-c2336f1fbae8,2026-08-29T19:04:24.000Z,2026-08-29T19:04:26.000Z,A1,A1,28.0,No,4.0,16.0,Yes,Yes,11.0,11.0,#bc9934,Yellow,,,No,,,,,,,,,,,,,,,,,,,,,,,,,,,,,,,
PLATE_02,F11,SAM_V_0702_A1,Pleurotus ostreatus,High_RH_Old,119.0,PLATE_02_F11.mzML,Vial exudate ,V,02/07/2026,A1,1adbaf60-9206-11f1-9518-87ccf2fafc79,02/07/2026,1adbaf60-9206-11f1-9518-87ccf2fafc79,b7a378ab-191f-447f-8c44-c2336f1fbae8,2026-08-29T19:04:24.000Z,2026-08-29T19:04:26.000Z,A1,A1,28.0,No,4.0,16.0,Yes,Yes,11.0,11.0,#bc9934,Yellow,,,No,,,,,,,,,,,,,,,,,,,,,,,,,,,,,,,
PLATE_02,F12,SAM_V_0702_A1,Pleurotus ostreatus,High_RH_Old,120.0,PLATE_02_F12.mzML,Vial exudate ,V,02/07/2026,A1,1adbaf60-9206-11f1-9518-87ccf2fafc79,02/07/2026,1adbaf60-9206-11f1-9518-87ccf2fafc79,b7a378ab-191f-447f-8c44-c2336f1fbae8,2026-08-29T19:04:24.000Z,2026-08-29T19:04:26.000Z,A1,A1,28.0,No,4.0,16.0,Yes,Yes,11.0,11.0,#bc9934,Yellow,,,No,,,,,,,,,,,,,,,,,,,,,,,,,,,,,,,
PLATE_02,F13,SAM_V_0702_A1,Pleurotus ostreatus,High_RH_Old,121.0,PLATE_02_F13.mzML,Vial exudate ,V,02/07/2026,A1,1adbaf60-9206-11f1-9518-87ccf2fafc79,02/07/2026,1adbaf60-9206-11f1-9518-87ccf2fafc79,b7a378ab-191f-447f-8c44-c2336f1fbae8,2026-08-29T19:04:24.000Z,2026-08-29T19:04:26.000Z,A1,A1,28.0,No,4.0,16.0,Yes,Yes,11.0,11.0,#bc9934,Yellow,,,No,,,,,,,,,,,,,,,,,,,,,,,,,,,,,,,
PLATE_02,F14,SAM_V_0702_A1,Pleurotus ostreatus,High_RH_Old,122.0,PLATE_02_F14.mzML,Vial exudate ,V,02/07/2026,A1,1adbaf60-9206-11f1-9518-87ccf2fafc79,02/07/2026,1adbaf60-9206-11f1-9518-87ccf2fafc79,b7a378ab-191f-447f-8c44-c2336f1fbae8,2026-08-29T19:04:24.000Z,2026-08-29T19:04:26.000Z,A1,A1,28.0,No,4.0,16.0,Yes,Yes,11.0,11.0,#bc9934,Yellow,,,No,,,,,,,,,,,,,,,,,,,,,,,,,,,,,,,
PLATE_02,F15,SAM_V_0702_A1,Pleurotus ostreatus,High_RH_Old,123.0,PLATE_02_F15.mzML,Vial exudate ,V,02/07/2026,A1,1adbaf60-9206-11f1-9518-87ccf2fafc79,02/07/2026,1adbaf60-9206-11f1-9518-87ccf2fafc79,b7a378ab-191f-447f-8c44-c2336f1fbae8,2026-08-29T19:04:24.000Z,2026-08-29T19:04:26.000Z,A1,A1,28.0,No,4.0,16.0,Yes,Yes,11.0,11.0,#bc9934,Yellow,,,No,,,,,,,,,,,,,,,,,,,,,,,,,,,,,,,
PLATE_02,F16,SAM_V_0702_A1,Pleurotus ostreatus,High_RH_Old,124.0,PLATE_02_F16.mzML,Vial exudate ,V,02/07/2026,A1,1adbaf60-9206-11f1-9518-87ccf2fafc79,02/07/2026,1adbaf60-9206-11f1-9518-87ccf2fafc79,b7a378ab-191f-447f-8c44-c2336f1fbae8,2026-08-29T19:04:24.000Z,2026-08-29T19:04:26.000Z,A1,A1,28.0,No,4.0,16.0,Yes,Yes,11.0,11.0,#bc9934,Yellow,,,No,,,,,,,,,,,,,,,,,,,,,,,,,,,,,,,
PLATE_02,F17,SAM_V_0702_A1,Pleurotus ostreatus,High_RH_Old,125.0,PLATE_02_F17.mzML,Vial exudate ,V,02/07/2026,A1,1adbaf60-9206-11f1-9518-87ccf2fafc79,02/07/2026,1adbaf60-9206-11f1-9518-87ccf2fafc79,b7a378ab-191f-447f-8c44-c2336f1fbae8,2026-08-29T19:04:24.000Z,2026-08-29T19:04:26.000Z,A1,A1,28.0,No,4.0,16.0,Yes,Yes,11.0,11.0,#bc9934,Yellow,,,No,,,,,,,,,,,,,,,,,,,,,,,,,,,,,,,
PLATE_02,F18,SAM_V_0702_A1,Pleurotus ostreatus,High_RH_Old,126.0,PLATE_02_F18.mzML,Vial exudate ,V,02/07/2026,A1,1adbaf60-9206-11f1-9518-87ccf2fafc79,02/07/2026,1adbaf60-9206-11f1-9518-87ccf2fafc79,b7a378ab-191f-447f-8c44-c2336f1fbae8,2026-08-29T19:04:24.000Z,2026-08-29T19:04:26.000Z,A1,A1,28.0,No,4.0,16.0,Yes,Yes,11.0,11.0,#bc9934,Yellow,,,No,,,,,,,,,,,,,,,,,,,,,,,,,,,,,,,
PLATE_02,F19,SAM_V_0702_A1,Pleurotus ostreatus,High_RH_Old,127.0,PLATE_02_F19.mzML,Vial exudate ,V,02/07/2026,A1,1adbaf60-9206-11f1-9518-87ccf2fafc79,02/07/2026,1adbaf60-9206-11f1-9518-87ccf2fafc79,b7a378ab-191f-447f-8c44-c2336f1fbae8,2026-08-29T19:04:24.000Z,2026-08-29T19:04:26.000Z,A1,A1,28.0,No,4.0,16.0,Yes,Yes,11.0,11.0,#bc9934,Yellow,,,No,,,,,,,,,,,,,,,,,,,,,,,,,,,,,,,
PLATE_02,F20,SAM_V_0702_A1,Pleurotus ostreatus,High_RH_Old,128.0,PLATE_02_F20.mzML,Vial exudate ,V,02/07/2026,A1,1adbaf60-9206-11f1-9518-87ccf2fafc79,02/07/2026,1adbaf60-9206-11f1-9518-87ccf2fafc79,b7a378ab-191f-447f-8c44-c2336f1fbae8,2026-08-29T19:04:24.000Z,2026-08-29T19:04:26.000Z,A1,A1,28.0,No,4.0,16.0,Yes,Yes,11.0,11.0,#bc9934,Yellow,,,No,,,,,,,,,,,,,,,,,,,,,,,,,,,,,,,
PLATE_02,F21,SAM_V_0702_A1,Pleurotus ostreatus,High_RH_Old,129.0,PLATE_02_F21.mzML,Vial exudate ,V,02/07/2026,A1,1adbaf60-9206-11f1-9518-87ccf2fafc79,02/07/2026,1adbaf60-9206-11f1-9518-87ccf2fafc79,b7a378ab-191f-447f-8c44-c2336f1fbae8,2026-08-29T19:04:24.000Z,2026-08-29T19:04:26.000Z,A1,A1,28.0,No,4.0,16.0,Yes,Yes,11.0,11.0,#bc9934,Yellow,,,No,,,,,,,,,,,,,,,,,,,,,,,,,,,,,,,
PLATE_02,F22,SAM_V_0702_A1,Pleurotus ostreatus,High_RH_Old,130.0,PLATE_02_F22.mzML,Vial exudate ,V,02/07/2026,A1,1adbaf60-9206-11f1-9518-87ccf2fafc79,02/07/2026,1adbaf60-9206-11f1-9518-87ccf2fafc79,b7a378ab-191f-447f-8c44-c2336f1fbae8,2026-08-29T19:04:24.000Z,2026-08-29T19:04:26.000Z,A1,A1,28.0,No,4.0,16.0,Yes,Yes,11.0,11.0,#bc9934,Yellow,,,No,,,,,,,,,,,,,,,,,,,,,,,,,,,,,,,
PLATE_02,F23,SAM_V_0702_A1,Pleurotus ostreatus,High_RH_Old,131.0,PLATE_02_F23.mzML,Vial exudate ,V,02/07/2026,A1,1adbaf60-9206-11f1-9518-87ccf2fafc79,02/07/2026,1adbaf60-9206-11f1-9518-87ccf2fafc79,b7a378ab-191f-447f-8c44-c2336f1fbae8,2026-08-29T19:04:24.000Z,2026-08-29T19:04:26.000Z,A1,A1,28.0,No,4.0,16.0,Yes,Yes,11.0,11.0,#bc9934,Yellow,,,No,,,,,,,,,,,,,,,,,,,,,,,,,,,,,,,
PLATE_02,F24,SAM_V_0702_A1,Pleurotus ostreatus,High_RH_Old,132.0,PLATE_02_F24.mzML,Vial exudate ,V,02/07/2026,A1,1adbaf60-9206-11f1-9518-87ccf2fafc79,02/07/2026,1adbaf60-9206-11f1-9518-87ccf2fafc79,b7a378ab-191f-447f-8c44-c2336f1fbae8,2026-08-29T19:04:24.000Z,2026-08-29T19:04:26.000Z,A1,A1,28.0,No,4.0,16.0,Yes,Yes,11.0,11.0,#bc9934,Yellow,,,No,,,,,,,,,,,,,,,,,,,,,,,,,,,,,,,
PLATE_02,G1,SAM_V_0702_A1,Pleurotus ostreatus,High_RH_Old,133.0,PLATE_02_G1.mzML,Vial exudate ,V,02/07/2026,A1,1adbaf60-9206-11f1-9518-87ccf2fafc79,02/07/2026,1adbaf60-9206-11f1-9518-87ccf2fafc79,b7a378ab-191f-447f-8c44-c2336f1fbae8,2026-08-29T19:04:24.000Z,2026-08-29T19:04:26.000Z,A1,A1,28.0,No,4.0,16.0,Yes,Yes,11.0,11.0,#bc9934,Yellow,,,No,,,,,,,,,,,,,,,,,,,,,,,,,,,,,,,
PLATE_02,G2,SAM_V_0702_A1,Pleurotus ostreatus,High_RH_Old,134.0,PLATE_02_G2.mzML,Vial exudate ,V,02/07/2026,A1,1adbaf60-9206-11f1-9518-87ccf2fafc79,02/07/2026,1adbaf60-9206-11f1-9518-87ccf2fafc79,b7a378ab-191f-447f-8c44-c2336f1fbae8,2026-08-29T19:04:24.000Z,2026-08-29T19:04:26.000Z,A1,A1,28.0,No,4.0,16.0,Yes,Yes,11.0,11.0,#bc9934,Yellow,,,No,,,,,,,,,,,,,,,,,,,,,,,,,,,,,,,
PLATE_02,G3,SAM_V_0702_A1,Pleurotus ostreatus,High_RH_Old,135.0,PLATE_02_G3.mzML,Vial exudate ,V,02/07/2026,A1,1adbaf60-9206-11f1-9518-87ccf2fafc79,02/07/2026,1adbaf60-9206-11f1-9518-87ccf2fafc79,b7a378ab-191f-447f-8c44-c2336f1fbae8,2026-08-29T19:04:24.000Z,2026-08-29T19:04:26.000Z,A1,A1,28.0,No,4.0,16.0,Yes,Yes,11.0,11.0,#bc9934,Yellow,,,No,,,,,,,,,,,,,,,,,,,,,,,,,,,,,,,
PLATE_02,G4,SAM_V_0702_A1,Pleurotus ostreatus,High_RH_Old,136.0,PLATE_02_G4.mzML,Vial exudate ,V,02/07/2026,A1,1adbaf60-9206-11f1-9518-87ccf2fafc79,02/07/2026,1adbaf60-9206-11f1-9518-87ccf2fafc79,b7a378ab-191f-447f-8c44-c2336f1fbae8,2026-08-29T19:04:24.000Z,2026-08-29T19:04:26.000Z,A1,A1,28.0,No,4.0,16.0,Yes,Yes,11.0,11.0,#bc9934,Yellow,,,No,,,,,,,,,,,,,,,,,,,,,,,,,,,,,,,
PLATE_02,G5,SAM_V_0702_A1,Pleurotus ostreatus,High_RH_Old,137.0,PLATE_02_G5.mzML,Vial exudate ,V,02/07/2026,A1,1adbaf60-9206-11f1-9518-87ccf2fafc79,02/07/2026,1adbaf60-9206-11f1-9518-87ccf2fafc79,b7a378ab-191f-447f-8c44-c2336f1fbae8,2026-08-29T19:04:24.000Z,2026-08-29T19:04:26.000Z,A1,A1,28.0,No,4.0,16.0,Yes,Yes,11.0,11.0,#bc9934,Yellow,,,No,,,,,,,,,,,,,,,,,,,,,,,,,,,,,,,
PLATE_02,G6,SAM_V_0702_A1,Pleurotus ostreatus,High_RH_Old,138.0,PLATE_02_G6.mzML,Vial exudate ,V,02/07/2026,A1,1adbaf60-9206-11f1-9518-87ccf2fafc79,02/07/2026,1adbaf60-9206-11f1-9518-87ccf2fafc79,b7a378ab-191f-447f-8c44-c2336f1fbae8,2026-08-29T19:04:24.000Z,2026-08-29T19:04:26.000Z,A1,A1,28.0,No,4.0,16.0,Yes,Yes,11.0,11.0,#bc9934,Yellow,,,No,,,,,,,,,,,,,,,,,,,,,,,,,,,,,,,
PLATE_02,G7,SAM_V_0702_A1,Pleurotus ostreatus,High_RH_Old,139.0,PLATE_02_G7.mzML,Vial exudate ,V,02/07/2026,A1,1adbaf60-9206-11f1-9518-87ccf2fafc79,02/07/2026,1adbaf60-9206-11f1-9518-87ccf2fafc79,b7a378ab-191f-447f-8c44-c2336f1fbae8,2026-08-29T19:04:24.000Z,2026-08-29T19:04:26.000Z,A1,A1,28.0,No,4.0,16.0,Yes,Yes,11.0,11.0,#bc9934,Yellow,,,No,,,,,,,,,,,,,,,,,,,,,,,,,,,,,,,
PLATE_02,G8,SAM_V_0702_A1,Pleurotus ostreatus,High_RH_Old,140.0,PLATE_02_G8.mzML,Vial exudate ,V,02/07/2026,A1,1adbaf60-9206-11f1-9518-87ccf2fafc79,02/07/2026,1adbaf60-9206-11f1-9518-87ccf2fafc79,b7a378ab-191f-447f-8c44-c2336f1fbae8,2026-08-29T19:04:24.000Z,2026-08-29T19:04:26.000Z,A1,A1,28.0,No,4.0,16.0,Yes,Yes,11.0,11.0,#bc9934,Yellow,,,No,,,,,,,,,,,,,,,,,,,,,,,,,,,,,,,
PLATE_02,G9,SAM_V_0702_A1,Pleurotus ostreatus,High_RH_Old,141.0,PLATE_02_G9.mzML,Vial exudate ,V,02/07/2026,A1,1adbaf60-9206-11f1-9518-87ccf2fafc79,02/07/2026,1adbaf60-9206-11f1-9518-87ccf2fafc79,b7a378ab-191f-447f-8c44-c2336f1fbae8,2026-08-29T19:04:24.000Z,2026-08-29T19:04:26.000Z,A1,A1,28.0,No,4.0,16.0,Yes,Yes,11.0,11.0,#bc9934,Yellow,,,No,,,,,,,,,,,,,,,,,,,,,,,,,,,,,,,
PLATE_02,G10,SAM_V_0702_A1,Pleurotus ostreatus,High_RH_Old,142.0,PLATE_02_G10.mzML,Vial exudate ,V,02/07/2026,A1,1adbaf60-9206-11f1-9518-87ccf2fafc79,02/07/2026,1adbaf60-9206-11f1-9518-87ccf2fafc79,b7a378ab-191f-447f-8c44-c2336f1fbae8,2026-08-29T19:04:24.000Z,2026-08-29T19:04:26.000Z,A1,A1,28.0,No,4.0,16.0,Yes,Yes,11.0,11.0,#bc9934,Yellow,,,No,,,,,,,,,,,,,,,,,,,,,,,,,,,,,,,
PLATE_02,G11,SAM_V_0702_A1,Pleurotus ostreatus,High_RH_Old,143.0,PLATE_02_G11.mzML,Vial exudate ,V,02/07/2026,A1,1adbaf60-9206-11f1-9518-87ccf2fafc79,02/07/2026,1adbaf60-9206-11f1-9518-87ccf2fafc79,b7a378ab-191f-447f-8c44-c2336f1fbae8,2026-08-29T19:04:24.000Z,2026-08-29T19:04:26.000Z,A1,A1,28.0,No,4.0,16.0,Yes,Yes,11.0,11.0,#bc9934,Yellow,,,No,,,,,,,,,,,,,,,,,,,,,,,,,,,,,,,
PLATE_02,G12,SAM_V_0702_A1,Pleurotus ostreatus,High_RH_Old,144.0,PLATE_02_G12.mzML,Vial exudate ,V,02/07/2026,A1,1adbaf60-9206-11f1-9518-87ccf2fafc79,02/07/2026,1adbaf60-9206-11f1-9518-87ccf2fafc79,b7a378ab-191f-447f-8c44-c2336f1fbae8,2026-08-29T19:04:24.000Z,2026-08-29T19:04:26.000Z,A1,A1,28.0,No,4.0,16.0,Yes,Yes,11.0,11.0,#bc9934,Yellow,,,No,,,,,,,,,,,,,,,,,,,,,,,,,,,,,,,
PLATE_02,G13,SAM_V_0702_A1,Pleurotus ostreatus,High_RH_Old,145.0,PLATE_02_G13.mzML,Vial exudate ,V,02/07/2026,A1,1adbaf60-9206-11f1-9518-87ccf2fafc79,02/07/2026,1adbaf60-9206-11f1-9518-87ccf2fafc79,b7a378ab-191f-447f-8c44-c2336f1fbae8,2026-08-29T19:04:24.000Z,2026-08-29T19:04:26.000Z,A1,A1,28.0,No,4.0,16.0,Yes,Yes,11.0,11.0,#bc9934,Yellow,,,No,,,,,,,,,,,,,,,,,,,,,,,,,,,,,,,
PLATE_02,G14,SAM_V_0702_A1,Pleurotus ostreatus,High_RH_Old,146.0,PLATE_02_G14.mzML,Vial exudate ,V,02/07/2026,A1,1adbaf60-9206-11f1-9518-87ccf2fafc79,02/07/2026,1adbaf60-9206-11f1-9518-87ccf2fafc79,b7a378ab-191f-447f-8c44-c2336f1fbae8,2026-08-29T19:04:24.000Z,2026-08-29T19:04:26.000Z,A1,A1,28.0,No,4.0,16.0,Yes,Yes,11.0,11.0,#bc9934,Yellow,,,No,,,,,,,,,,,,,,,,,,,,,,,,,,,,,,,
PLATE_02,G15,SAM_V_0702_A1,Pleurotus ostreatus,High_RH_Old,147.0,PLATE_02_G15.mzML,Vial exudate ,V,02/07/2026,A1,1adbaf60-9206-11f1-9518-87ccf2fafc79,02/07/2026,1adbaf60-9206-11f1-9518-87ccf2fafc79,b7a378ab-191f-447f-8c44-c2336f1fbae8,2026-08-29T19:04:24.000Z,2026-08-29T19:04:26.000Z,A1,A1,28.0,No,4.0,16.0,Yes,Yes,11.0,11.0,#bc9934,Yellow,,,No,,,,,,,,,,,,,,,,,,,,,,,,,,,,,,,
PLATE_02,G16,SAM_V_0702_A1,Pleurotus ostreatus,High_RH_Old,148.0,PLATE_02_G16.mzML,Vial exudate ,V,02/07/2026,A1,1adbaf60-9206-11f1-9518-87ccf2fafc79,02/07/2026,1adbaf60-9206-11f1-9518-87ccf2fafc79,b7a378ab-191f-447f-8c44-c2336f1fbae8,2026-08-29T19:04:24.000Z,2026-08-29T19:04:26.000Z,A1,A1,28.0,No,4.0,16.0,Yes,Yes,11.0,11.0,#bc9934,Yellow,,,No,,,,,,,,,,,,,,,,,,,,,,,,,,,,,,,
PLATE_02,G17,SAM_V_0702_A1,Pleurotus ostreatus,High_RH_Old,149.0,PLATE_02_G17.mzML,Vial exudate ,V,02/07/2026,A1,1adbaf60-9206-11f1-9518-87ccf2fafc79,02/07/2026,1adbaf60-9206-11f1-9518-87ccf2fafc79,b7a378ab-191f-447f-8c44-c2336f1fbae8,2026-08-29T19:04:24.000Z,2026-08-29T19:04:26.000Z,A1,A1,28.0,No,4.0,16.0,Yes,Yes,11.0,11.0,#bc9934,Yellow,,,No,,,,,,,,,,,,,,,,,,,,,,,,,,,,,,,
PLATE_02,G18,SAM_V_0702_A1,Pleurotus ostreatus,High_RH_Old,150.0,PLATE_02_G18.mzML,Vial exudate ,V,02/07/2026,A1,1adbaf60-9206-11f1-9518-87ccf2fafc79,02/07/2026,1adbaf60-9206-11f1-9518-87ccf2fafc79,b7a378ab-191f-447f-8c44-c2336f1fbae8,2026-08-29T19:04:24.000Z,2026-08-29T19:04:26.000Z,A1,A1,28.0,No,4.0,16.0,Yes,Yes,11.0,11.0,#bc9934,Yellow,,,No,,,,,,,,,,,,,,,,,,,,,,,,,,,,,,,
PLATE_02,G19,SAM_V_0702_A1,Pleurotus ostreatus,High_RH_Old,151.0,PLATE_02_G19.mzML,Vial exudate ,V,02/07/2026,A1,1adbaf60-9206-11f1-9518-87ccf2fafc79,02/07/2026,1adbaf60-9206-11f1-9518-87ccf2fafc79,b7a378ab-191f-447f-8c44-c2336f1fbae8,2026-08-29T19:04:24.000Z,2026-08-29T19:04:26.000Z,A1,A1,28.0,No,4.0,16.0,Yes,Yes,11.0,11.0,#bc9934,Yellow,,,No,,,,,,,,,,,,,,,,,,,,,,,,,,,,,,,
PLATE_02,G20,SAM_V_0702_A1,Pleurotus ostreatus,High_RH_Old,152.0,PLATE_02_G20.mzML,Vial exudate ,V,02/07/2026,A1,1adbaf60-9206-11f1-9518-87ccf2fafc79,02/07/2026,1adbaf60-9206-11f1-9518-87ccf2fafc79,b7a378ab-191f-447f-8c44-c2336f1fbae8,2026-08-29T19:04:24.000Z,2026-08-29T19:04:26.000Z,A1,A1,28.0,No,4.0,16.0,Yes,Yes,11.0,11.0,#bc9934,Yellow,,,No,,,,,,,,,,,,,,,,,,,,,,,,,,,,,,,
PLATE_02,G21,SAM_V_0702_A1,Pleurotus ostreatus,High_RH_Old,153.0,PLATE_02_G21.mzML,Vial exudate ,V,02/07/2026,A1,1adbaf60-9206-11f1-9518-87ccf2fafc79,02/07/2026,1adbaf60-9206-11f1-9518-87ccf2fafc79,b7a378ab-191f-447f-8c44-c2336f1fbae8,2026-08-29T19:04:24.000Z,2026-08-29T19:04:26.000Z,A1,A1,28.0,No,4.0,16.0,Yes,Yes,11.0,11.0,#bc9934,Yellow,,,No,,,,,,,,,,,,,,,,,,,,,,,,,,,,,,,
PLATE_02,G22,SAM_V_0702_A1,Pleurotus ostreatus,High_RH_Old,154.0,PLATE_02_G22.mzML,Vial exudate ,V,02/07/2026,A1,1adbaf60-9206-11f1-9518-87ccf2fafc79,02/07/2026,1adbaf60-9206-11f1-9518-87ccf2fafc79,b7a378ab-191f-447f-8c44-c2336f1fbae8,2026-08-29T19:04:24.000Z,2026-08-29T19:04:26.000Z,A1,A1,28.0,No,4.0,16.0,Yes,Yes,11.0,11.0,#bc9934,Yellow,,,No,,,,,,,,,,,,,,,,,,,,,,,,,,,,,,,
PLATE_02,G23,SAM_V_0702_A1,Pleurotus ostreatus,High_RH_Old,155.0,PLATE_02_G23.mzML,Vial exudate ,V,02/07/2026,A1,1adbaf60-9206-11f1-9518-87ccf2fafc79,02/07/2026,1adbaf60-9206-11f1-9518-87ccf2fafc79,b7a378ab-191f-447f-8c44-c2336f1fbae8,2026-08-29T19:04:24.000Z,2026-08-29T19:04:26.000Z,A1,A1,28.0,No,4.0,16.0,Yes,Yes,11.0,11.0,#bc9934,Yellow,,,No,,,,,,,,,,,,,,,,,,,,,,,,,,,,,,,
PLATE_02,G24,SAM_V_0702_A1,Pleurotus ostreatus,High_RH_Old,156.0,PLATE_02_G24.mzML,Vial exudate ,V,02/07/2026,A1,1adbaf60-9206-11f1-9518-87ccf2fafc79,02/07/2026,1adbaf60-9206-11f1-9518-87ccf2fafc79,b7a378ab-191f-447f-8c44-c2336f1fbae8,2026-08-29T19:04:24.000Z,2026-08-29T19:04:26.000Z,A1,A1,28.0,No,4.0,16.0,Yes,Yes,11.0,11.0,#bc9934,Yellow,,,No,,,,,,,,,,,,,,,,,,,,,,,,,,,,,,,
PLATE_02,H1,SAM_V_0702_A1,Pleurotus ostreatus,High_RH_Old,157.0,PLATE_02_H1.mzML,Vial exudate ,V,02/07/2026,A1,1adbaf60-9206-11f1-9518-87ccf2fafc79,02/07/2026,1adbaf60-9206-11f1-9518-87ccf2fafc79,b7a378ab-191f-447f-8c44-c2336f1fbae8,2026-08-29T19:04:24.000Z,2026-08-29T19:04:26.000Z,A1,A1,28.0,No,4.0,16.0,Yes,Yes,11.0,11.0,#bc9934,Yellow,,,No,,,,,,,,,,,,,,,,,,,,,,,,,,,,,,,
PLATE_02,H2,SAM_V_0702_A1,Pleurotus ostreatus,High_RH_Old,158.0,PLATE_02_H2.mzML,Vial exudate ,V,02/07/2026,A1,1adbaf60-9206-11f1-9518-87ccf2fafc79,02/07/2026,1adbaf60-9206-11f1-9518-87ccf2fafc79,b7a378ab-191f-447f-8c44-c2336f1fbae8,2026-08-29T19:04:24.000Z,2026-08-29T19:04:26.000Z,A1,A1,28.0,No,4.0,16.0,Yes,Yes,11.0,11.0,#bc9934,Yellow,,,No,,,,,,,,,,,,,,,,,,,,,,,,,,,,,,,
PLATE_02,H3,SAM_V_0702_A1,Pleurotus ostreatus,High_RH_Old,159.0,PLATE_02_H3.mzML,Vial exudate ,V,02/07/2026,A1,1adbaf60-9206-11f1-9518-87ccf2fafc79,02/07/2026,1adbaf60-9206-11f1-9518-87ccf2fafc79,b7a378ab-191f-447f-8c44-c2336f1fbae8,2026-08-29T19:04:24.000Z,2026-08-29T19:04:26.000Z,A1,A1,28.0,No,4.0,16.0,Yes,Yes,11.0,11.0,#bc9934,Yellow,,,No,,,,,,,,,,,,,,,,,,,,,,,,,,,,,,,
PLATE_02,H4,SAM_V_0702_A1,Pleurotus ostreatus,High_RH_Old,160.0,PLATE_02_H4.mzML,Vial exudate ,V,02/07/2026,A1,1adbaf60-9206-11f1-9518-87ccf2fafc79,02/07/2026,1adbaf60-9206-11f1-9518-87ccf2fafc79,b7a378ab-191f-447f-8c44-c2336f1fbae8,2026-08-29T19:04:24.000Z,2026-08-29T19:04:26.000Z,A1,A1,28.0,No,4.0,16.0,Yes,Yes,11.0,11.0,#bc9934,Yellow,,,No,,,,,,,,,,,,,,,,,,,,,,,,,,,,,,,
PLATE_02,H5,SAM_V_0702_A1,Pleurotus ostreatus,High_RH_Old,161.0,PLATE_02_H5.mzML,Vial exudate ,V,02/07/2026,A1,1adbaf60-9206-11f1-9518-87ccf2fafc79,02/07/2026,1adbaf60-9206-11f1-9518-87ccf2fafc79,b7a378ab-191f-447f-8c44-c2336f1fbae8,2026-08-29T19:04:24.000Z,2026-08-29T19:04:26.000Z,A1,A1,28.0,No,4.0,16.0,Yes,Yes,11.0,11.0,#bc9934,Yellow,,,No,,,,,,,,,,,,,,,,,,,,,,,,,,,,,,,
PLATE_02,H6,SAM_V_0702_A1,Pleurotus ostreatus,High_RH_Old,162.0,PLATE_02_H6.mzML,Vial exudate ,V,02/07/2026,A1,1adbaf60-9206-11f1-9518-87ccf2fafc79,02/07/2026,1adbaf60-9206-11f1-9518-87ccf2fafc79,b7a378ab-191f-447f-8c44-c2336f1fbae8,2026-08-29T19:04:24.000Z,2026-08-29T19:04:26.000Z,A1,A1,28.0,No,4.0,16.0,Yes,Yes,11.0,11.0,#bc9934,Yellow,,,No,,,,,,,,,,,,,,,,,,,,,,,,,,,,,,,
PLATE_02,H7,SAM_V_0702_A1,Pleurotus ostreatus,High_RH_Old,163.0,PLATE_02_H7.mzML,Vial exudate ,V,02/07/2026,A1,1adbaf60-9206-11f1-9518-87ccf2fafc79,02/07/2026,1adbaf60-9206-11f1-9518-87ccf2fafc79,b7a378ab-191f-447f-8c44-c2336f1fbae8,2026-08-29T19:04:24.000Z,2026-08-29T19:04:26.000Z,A1,A1,28.0,No,4.0,16.0,Yes,Yes,11.0,11.0,#bc9934,Yellow,,,No,,,,,,,,,,,,,,,,,,,,,,,,,,,,,,,
PLATE_02,H8,SAM_V_0702_A1,Pleurotus ostreatus,High_RH_Old,164.0,PLATE_02_H8.mzML,Vial exudate ,V,02/07/2026,A1,1adbaf60-9206-11f1-9518-87ccf2fafc79,02/07/2026,1adbaf60-9206-11f1-9518-87ccf2fafc79,b7a378ab-191f-447f-8c44-c2336f1fbae8,2026-08-29T19:04:24.000Z,2026-08-29T19:04:26.000Z,A1,A1,28.0,No,4.0,16.0,Yes,Yes,11.0,11.0,#bc9934,Yellow,,,No,,,,,,,,,,,,,,,,,,,,,,,,,,,,,,,
PLATE_02,H9,SAM_V_0702_A1,Pleurotus ostreatus,High_RH_Old,165.0,PLATE_02_H9.mzML,Vial exudate ,V,02/07/2026,A1,1adbaf60-9206-11f1-9518-87ccf2fafc79,02/07/2026,1adbaf60-9206-11f1-9518-87ccf2fafc79,b7a378ab-191f-447f-8c44-c2336f1fbae8,2026-08-29T19:04:24.000Z,2026-08-29T19:04:26.000Z,A1,A1,28.0,No,4.0,16.0,Yes,Yes,11.0,11.0,#bc9934,Yellow,,,No,,,,,,,,,,,,,,,,,,,,,,,,,,,,,,,
PLATE_02,H10,SAM_V_0702_A1,Pleurotus ostreatus,High_RH_Old,166.0,PLATE_02_H10.mzML,Vial exudate ,V,02/07/2026,A1,1adbaf60-9206-11f1-9518-87ccf2fafc79,02/07/2026,1adbaf60-9206-11f1-9518-87ccf2fafc79,b7a378ab-191f-447f-8c44-c2336f1fbae8,2026-08-29T19:04:24.000Z,2026-08-29T19:04:26.000Z,A1,A1,28.0,No,4.0,16.0,Yes,Yes,11.0,11.0,#bc9934,Yellow,,,No,,,,,,,,,,,,,,,,,,,,,,,,,,,,,,,
PLATE_02,H11,SAM_V_0702_A1,Pleurotus ostreatus,High_RH_Old,167.0,PLATE_02_H11.mzML,Vial exudate ,V,02/07/2026,A1,1adbaf60-9206-11f1-9518-87ccf2fafc79,02/07/2026,1adbaf60-9206-11f1-9518-87ccf2fafc79,b7a378ab-191f-447f-8c44-c2336f1fbae8,2026-08-29T19:04:24.000Z,2026-08-29T19:04:26.000Z,A1,A1,28.0,No,4.0,16.0,Yes,Yes,11.0,11.0,#bc9934,Yellow,,,No,,,,,,,,,,,,,,,,,,,,,,,,,,,,,,,
PLATE_02,H12,SAM_V_0702_A1,Pleurotus ostreatus,High_RH_Old,168.0,PLATE_02_H12.mzML,Vial exudate ,V,02/07/2026,A1,1adbaf60-9206-11f1-9518-87ccf2fafc79,02/07/2026,1adbaf60-9206-11f1-9518-87ccf2fafc79,b7a378ab-191f-447f-8c44-c2336f1fbae8,2026-08-29T19:04:24.000Z,2026-08-29T19:04:26.000Z,A1,A1,28.0,No,4.0,16.0,Yes,Yes,11.0,11.0,#bc9934,Yellow,,,No,,,,,,,,,,,,,,,,,,,,,,,,,,,,,,,
PLATE_02,H13,SAM_V_0702_A1,Pleurotus ostreatus,High_RH_Old,169.0,PLATE_02_H13.mzML,Vial exudate ,V,02/07/2026,A1,1adbaf60-9206-11f1-9518-87ccf2fafc79,02/07/2026,1adbaf60-9206-11f1-9518-87ccf2fafc79,b7a378ab-191f-447f-8c44-c2336f1fbae8,2026-08-29T19:04:24.000Z,2026-08-29T19:04:26.000Z,A1,A1,28.0,No,4.0,16.0,Yes,Yes,11.0,11.0,#bc9934,Yellow,,,No,,,,,,,,,,,,,,,,,,,,,,,,,,,,,,,
PLATE_02,H14,SAM_V_0702_A1,Pleurotus ostreatus,High_RH_Old,170.0,PLATE_02_H14.mzML,Vial exudate ,V,02/07/2026,A1,1adbaf60-9206-11f1-9518-87ccf2fafc79,02/07/2026,1adbaf60-9206-11f1-9518-87ccf2fafc79,b7a378ab-191f-447f-8c44-c2336f1fbae8,2026-08-29T19:04:24.000Z,2026-08-29T19:04:26.000Z,A1,A1,28.0,No,4.0,16.0,Yes,Yes,11.0,11.0,#bc9934,Yellow,,,No,,,,,,,,,,,,,,,,,,,,,,,,,,,,,,,
PLATE_02,H15,SAM_V_0702_A1,Pleurotus ostreatus,High_RH_Old,171.0,PLATE_02_H15.mzML,Vial exudate ,V,02/07/2026,A1,1adbaf60-9206-11f1-9518-87ccf2fafc79,02/07/2026,1adbaf60-9206-11f1-9518-87ccf2fafc79,b7a378ab-191f-447f-8c44-c2336f1fbae8,2026-08-29T19:04:24.000Z,2026-08-29T19:04:26.000Z,A1,A1,28.0,No,4.0,16.0,Yes,Yes,11.0,11.0,#bc9934,Yellow,,,No,,,,,,,,,,,,,,,,,,,,,,,,,,,,,,,
PLATE_02,H16,SAM_V_0702_A1,Pleurotus ostreatus,High_RH_Old,172.0,PLATE_02_H16.mzML,Vial exudate ,V,02/07/2026,A1,1adbaf60-9206-11f1-9518-87ccf2fafc79,02/07/2026,1adbaf60-9206-11f1-9518-87ccf2fafc79,b7a378ab-191f-447f-8c44-c2336f1fbae8,2026-08-29T19:04:24.000Z,2026-08-29T19:04:26.000Z,A1,A1,28.0,No,4.0,16.0,Yes,Yes,11.0,11.0,#bc9934,Yellow,,,No,,,,,,,,,,,,,,,,,,,,,,,,,,,,,,,
PLATE_02,H17,SAM_V_0702_A1,Pleurotus ostreatus,High_RH_Old,173.0,PLATE_02_H17.mzML,Vial exudate ,V,02/07/2026,A1,1adbaf60-9206-11f1-9518-87ccf2fafc79,02/07/2026,1adbaf60-9206-11f1-9518-87ccf2fafc79,b7a378ab-191f-447f-8c44-c2336f1fbae8,2026-08-29T19:04:24.000Z,2026-08-29T19:04:26.000Z,A1,A1,28.0,No,4.0,16.0,Yes,Yes,11.0,11.0,#bc9934,Yellow,,,No,,,,,,,,,,,,,,,,,,,,,,,,,,,,,,,
PLATE_02,H18,SAM_V_0702_A1,Pleurotus ostreatus,High_RH_Old,174.0,PLATE_02_H18.mzML,Vial exudate ,V,02/07/2026,A1,1adbaf60-9206-11f1-9518-87ccf2fafc79,02/07/2026,1adbaf60-9206-11f1-9518-87ccf2fafc79,b7a378ab-191f-447f-8c44-c2336f1fbae8,2026-08-29T19:04:24.000Z,2026-08-29T19:04:26.000Z,A1,A1,28.0,No,4.0,16.0,Yes,Yes,11.0,11.0,#bc9934,Yellow,,,No,,,,,,,,,,,,,,,,,,,,,,,,,,,,,,,
PLATE_02,H19,SAM_V_0702_A1,Pleurotus ostreatus,High_RH_Old,175.0,PLATE_02_H19.mzML,Vial exudate ,V,02/07/2026,A1,1adbaf60-9206-11f1-9518-87ccf2fafc79,02/07/2026,1adbaf60-9206-11f1-9518-87ccf2fafc79,b7a378ab-191f-447f-8c44-c2336f1fbae8,2026-08-29T19:04:24.000Z,2026-08-29T19:04:26.000Z,A1,A1,28.0,No,4.0,16.0,Yes,Yes,11.0,11.0,#bc9934,Yellow,,,No,,,,,,,,,,,,,,,,,,,,,,,,,,,,,,,
PLATE_02,H20,SAM_V_0702_A1,Pleurotus ostreatus,High_RH_Old,176.0,PLATE_02_H20.mzML,Vial exudate ,V,02/07/2026,A1,1adbaf60-9206-11f1-9518-87ccf2fafc79,02/07/2026,1adbaf60-9206-11f1-9518-87ccf2fafc79,b7a378ab-191f-447f-8c44-c2336f1fbae8,2026-08-29T19:04:24.000Z,2026-08-29T19:04:26.000Z,A1,A1,28.0,No,4.0,16.0,Yes,Yes,11.0,11.0,#bc9934,Yellow,,,No,,,,,,,,,,,,,,,,,,,,,,,,,,,,,,,
PLATE_02,H21,SAM_V_0702_A1,Pleurotus ostreatus,High_RH_Old,177.0,PLATE_02_H21.mzML,Vial exudate ,V,02/07/2026,A1,1adbaf60-9206-11f1-9518-87ccf2fafc79,02/07/2026,1adbaf60-9206-11f1-9518-87ccf2fafc79,b7a378ab-191f-447f-8c44-c2336f1fbae8,2026-08-29T19:04:24.000Z,2026-08-29T19:04:26.000Z,A1,A1,28.0,No,4.0,16.0,Yes,Yes,11.0,11.0,#bc9934,Yellow,,,No,,,,,,,,,,,,,,,,,,,,,,,,,,,,,,,
PLATE_02,H22,SAM_V_0702_A1,Pleurotus ostreatus,High_RH_Old,178.0,PLATE_02_H22.mzML,Vial exudate ,V,02/07/2026,A1,1adbaf60-9206-11f1-9518-87ccf2fafc79,02/07/2026,1adbaf60-9206-11f1-9518-87ccf2fafc79,b7a378ab-191f-447f-8c44-c2336f1fbae8,2026-08-29T19:04:24.000Z,2026-08-29T19:04:26.000Z,A1,A1,28.0,No,4.0,16.0,Yes,Yes,11.0,11.0,#bc9934,Yellow,,,No,,,,,,,,,,,,,,,,,,,,,,,,,,,,,,,
PLATE_02,H23,SAM_V_0702_A1,Pleurotus ostreatus,High_RH_Old,179.0,PLATE_02_H23.mzML,Vial exudate ,V,02/07/2026,A1,1adbaf60-9206-11f1-9518-87ccf2fafc79,02/07/2026,1adbaf60-9206-11f1-9518-87ccf2fafc79,b7a378ab-191f-447f-8c44-c2336f1fbae8,2026-08-29T19:04:24.000Z,2026-08-29T19:04:26.000Z,A1,A1,28.0,No,4.0,16.0,Yes,Yes,11.0,11.0,#bc9934,Yellow,,,No,,,,,,,,,,,,,,,,,,,,,,,,,,,,,,,
PLATE_02,H24,SAM_V_0702_A1,Pleurotus ostreatus,High_RH_Old,180.0,PLATE_02_H24.mzML,Vial exudate ,V,02/07/2026,A1,1adbaf60-9206-11f1-9518-87ccf2fafc79,02/07/2026,1adbaf60-9206-11f1-9518-87ccf2fafc79,b7a378ab-191f-447f-8c44-c2336f1fbae8,2026-08-29T19:04:24.000Z,2026-08-29T19:04:26.000Z,A1,A1,28.0,No,4.0,16.0,Yes,Yes,11.0,11.0,#bc9934,Yellow,,,No,,,,,,,,,,,,,,,,,,,,,,,,,,,,,,,
PLATE_02,I1,SAM_V_0702_A2,Pleurotus ostreatus,High_RH_Old_Contaminated,1.0,PLATE_02_I1.mzML,Vial exudate ,V,02/07/2026,A2,1adbaf60-9206-11f1-9518-87ccf2fafc79,02/07/2026,1adbaf60-9206-11f1-9518-87ccf2fafc79,83046776-8cb4-4298-ae63-fc805f540927,2026-08-29T19:04:24.000Z,2026-08-29T19:04:27.000Z,A2,A2,28.0,No,3.0,26.0,Yes,Yes,18.3,18.3,#ae600c, Orange,,,No,,,,,,,,,,,,,,,,,,,,,,,,,,,,,,,
PLATE_02,I2,SAM_V_0702_A2,Pleurotus ostreatus,High_RH_Old_Contaminated,2.0,PLATE_02_I2.mzML,Vial exudate ,V,02/07/2026,A2,1adbaf60-9206-11f1-9518-87ccf2fafc79,02/07/2026,1adbaf60-9206-11f1-9518-87ccf2fafc79,83046776-8cb4-4298-ae63-fc805f540927,2026-08-29T19:04:24.000Z,2026-08-29T19:04:27.000Z,A2,A2,28.0,No,3.0,26.0,Yes,Yes,18.3,18.3,#ae600c, Orange,,,No,,,,,,,,,,,,,,,,,,,,,,,,,,,,,,,
PLATE_02,I3,SAM_V_0702_A2,Pleurotus ostreatus,High_RH_Old_Contaminated,3.0,PLATE_02_I3.mzML,Vial exudate ,V,02/07/2026,A2,1adbaf60-9206-11f1-9518-87ccf2fafc79,02/07/2026,1adbaf60-9206-11f1-9518-87ccf2fafc79,83046776-8cb4-4298-ae63-fc805f540927,2026-08-29T19:04:24.000Z,2026-08-29T19:04:27.000Z,A2,A2,28.0,No,3.0,26.0,Yes,Yes,18.3,18.3,#ae600c, Orange,,,No,,,,,,,,,,,,,,,,,,,,,,,,,,,,,,,
PLATE_02,I4,SAM_V_0702_A2,Pleurotus ostreatus,High_RH_Old_Contaminated,4.0,PLATE_02_I4.mzML,Vial exudate ,V,02/07/2026,A2,1adbaf60-9206-11f1-9518-87ccf2fafc79,02/07/2026,1adbaf60-9206-11f1-9518-87ccf2fafc79,83046776-8cb4-4298-ae63-fc805f540927,2026-08-29T19:04:24.000Z,2026-08-29T19:04:27.000Z,A2,A2,28.0,No,3.0,26.0,Yes,Yes,18.3,18.3,#ae600c, Orange,,,No,,,,,,,,,,,,,,,,,,,,,,,,,,,,,,,
PLATE_02,I5,SAM_V_0702_A2,Pleurotus ostreatus,High_RH_Old_Contaminated,5.0,PLATE_02_I5.mzML,Vial exudate ,V,02/07/2026,A2,1adbaf60-9206-11f1-9518-87ccf2fafc79,02/07/2026,1adbaf60-9206-11f1-9518-87ccf2fafc79,83046776-8cb4-4298-ae63-fc805f540927,2026-08-29T19:04:24.000Z,2026-08-29T19:04:27.000Z,A2,A2,28.0,No,3.0,26.0,Yes,Yes,18.3,18.3,#ae600c, Orange,,,No,,,,,,,,,,,,,,,,,,,,,,,,,,,,,,,
PLATE_02,I6,SAM_V_0702_A2,Pleurotus ostreatus,High_RH_Old_Contaminated,6.0,PLATE_02_I6.mzML,Vial exudate ,V,02/07/2026,A2,1adbaf60-9206-11f1-9518-87ccf2fafc79,02/07/2026,1adbaf60-9206-11f1-9518-87ccf2fafc79,83046776-8cb4-4298-ae63-fc805f540927,2026-08-29T19:04:24.000Z,2026-08-29T19:04:27.000Z,A2,A2,28.0,No,3.0,26.0,Yes,Yes,18.3,18.3,#ae600c, Orange,,,No,,,,,,,,,,,,,,,,,,,,,,,,,,,,,,,
PLATE_02,I7,SAM_V_0702_A2,Pleurotus ostreatus,High_RH_Old_Contaminated,7.0,PLATE_02_I7.mzML,Vial exudate ,V,02/07/2026,A2,1adbaf60-9206-11f1-9518-87ccf2fafc79,02/07/2026,1adbaf60-9206-11f1-9518-87ccf2fafc79,83046776-8cb4-4298-ae63-fc805f540927,2026-08-29T19:04:24.000Z,2026-08-29T19:04:27.000Z,A2,A2,28.0,No,3.0,26.0,Yes,Yes,18.3,18.3,#ae600c, Orange,,,No,,,,,,,,,,,,,,,,,,,,,,,,,,,,,,,
PLATE_02,I8,SAM_V_0702_A2,Pleurotus ostreatus,High_RH_Old_Contaminated,8.0,PLATE_02_I8.mzML,Vial exudate ,V,02/07/2026,A2,1adbaf60-9206-11f1-9518-87ccf2fafc79,02/07/2026,1adbaf60-9206-11f1-9518-87ccf2fafc79,83046776-8cb4-4298-ae63-fc805f540927,2026-08-29T19:04:24.000Z,2026-08-29T19:04:27.000Z,A2,A2,28.0,No,3.0,26.0,Yes,Yes,18.3,18.3,#ae600c, Orange,,,No,,,,,,,,,,,,,,,,,,,,,,,,,,,,,,,
PLATE_02,I9,SAM_V_0702_A2,Pleurotus ostreatus,High_RH_Old_Contaminated,9.0,PLATE_02_I9.mzML,Vial exudate ,V,02/07/2026,A2,1adbaf60-9206-11f1-9518-87ccf2fafc79,02/07/2026,1adbaf60-9206-11f1-9518-87ccf2fafc79,83046776-8cb4-4298-ae63-fc805f540927,2026-08-29T19:04:24.000Z,2026-08-29T19:04:27.000Z,A2,A2,28.0,No,3.0,26.0,Yes,Yes,18.3,18.3,#ae600c, Orange,,,No,,,,,,,,,,,,,,,,,,,,,,,,,,,,,,,
PLATE_02,I10,SAM_V_0702_A2,Pleurotus ostreatus,High_RH_Old_Contaminated,10.0,PLATE_02_I10.mzML,Vial exudate ,V,02/07/2026,A2,1adbaf60-9206-11f1-9518-87ccf2fafc79,02/07/2026,1adbaf60-9206-11f1-9518-87ccf2fafc79,83046776-8cb4-4298-ae63-fc805f540927,2026-08-29T19:04:24.000Z,2026-08-29T19:04:27.000Z,A2,A2,28.0,No,3.0,26.0,Yes,Yes,18.3,18.3,#ae600c, Orange,,,No,,,,,,,,,,,,,,,,,,,,,,,,,,,,,,,
PLATE_02,I11,SAM_V_0702_A2,Pleurotus ostreatus,High_RH_Old_Contaminated,11.0,PLATE_02_I11.mzML,Vial exudate ,V,02/07/2026,A2,1adbaf60-9206-11f1-9518-87ccf2fafc79,02/07/2026,1adbaf60-9206-11f1-9518-87ccf2fafc79,83046776-8cb4-4298-ae63-fc805f540927,2026-08-29T19:04:24.000Z,2026-08-29T19:04:27.000Z,A2,A2,28.0,No,3.0,26.0,Yes,Yes,18.3,18.3,#ae600c, Orange,,,No,,,,,,,,,,,,,,,,,,,,,,,,,,,,,,,
PLATE_02,I12,SAM_V_0702_A2,Pleurotus ostreatus,High_RH_Old_Contaminated,12.0,PLATE_02_I12.mzML,Vial exudate ,V,02/07/2026,A2,1adbaf60-9206-11f1-9518-87ccf2fafc79,02/07/2026,1adbaf60-9206-11f1-9518-87ccf2fafc79,83046776-8cb4-4298-ae63-fc805f540927,2026-08-29T19:04:24.000Z,2026-08-29T19:04:27.000Z,A2,A2,28.0,No,3.0,26.0,Yes,Yes,18.3,18.3,#ae600c, Orange,,,No,,,,,,,,,,,,,,,,,,,,,,,,,,,,,,,
PLATE_02,I13,SAM_V_0702_A2,Pleurotus ostreatus,High_RH_Old_Contaminated,13.0,PLATE_02_I13.mzML,Vial exudate ,V,02/07/2026,A2,1adbaf60-9206-11f1-9518-87ccf2fafc79,02/07/2026,1adbaf60-9206-11f1-9518-87ccf2fafc79,83046776-8cb4-4298-ae63-fc805f540927,2026-08-29T19:04:24.000Z,2026-08-29T19:04:27.000Z,A2,A2,28.0,No,3.0,26.0,Yes,Yes,18.3,18.3,#ae600c, Orange,,,No,,,,,,,,,,,,,,,,,,,,,,,,,,,,,,,
PLATE_02,I14,SAM_V_0702_A2,Pleurotus ostreatus,High_RH_Old_Contaminated,14.0,PLATE_02_I14.mzML,Vial exudate ,V,02/07/2026,A2,1adbaf60-9206-11f1-9518-87ccf2fafc79,02/07/2026,1adbaf60-9206-11f1-9518-87ccf2fafc79,83046776-8cb4-4298-ae63-fc805f540927,2026-08-29T19:04:24.000Z,2026-08-29T19:04:27.000Z,A2,A2,28.0,No,3.0,26.0,Yes,Yes,18.3,18.3,#ae600c, Orange,,,No,,,,,,,,,,,,,,,,,,,,,,,,,,,,,,,
PLATE_02,I15,SAM_V_0702_A2,Pleurotus ostreatus,High_RH_Old_Contaminated,15.0,PLATE_02_I15.mzML,Vial exudate ,V,02/07/2026,A2,1adbaf60-9206-11f1-9518-87ccf2fafc79,02/07/2026,1adbaf60-9206-11f1-9518-87ccf2fafc79,83046776-8cb4-4298-ae63-fc805f540927,2026-08-29T19:04:24.000Z,2026-08-29T19:04:27.000Z,A2,A2,28.0,No,3.0,26.0,Yes,Yes,18.3,18.3,#ae600c, Orange,,,No,,,,,,,,,,,,,,,,,,,,,,,,,,,,,,,
PLATE_02,I16,SAM_V_0702_A2,Pleurotus ostreatus,High_RH_Old_Contaminated,16.0,PLATE_02_I16.mzML,Vial exudate ,V,02/07/2026,A2,1adbaf60-9206-11f1-9518-87ccf2fafc79,02/07/2026,1adbaf60-9206-11f1-9518-87ccf2fafc79,83046776-8cb4-4298-ae63-fc805f540927,2026-08-29T19:04:24.000Z,2026-08-29T19:04:27.000Z,A2,A2,28.0,No,3.0,26.0,Yes,Yes,18.3,18.3,#ae600c, Orange,,,No,,,,,,,,,,,,,,,,,,,,,,,,,,,,,,,
PLATE_02,I17,SAM_V_0702_A2,Pleurotus ostreatus,High_RH_Old_Contaminated,17.0,PLATE_02_I17.mzML,Vial exudate ,V,02/07/2026,A2,1adbaf60-9206-11f1-9518-87ccf2fafc79,02/07/2026,1adbaf60-9206-11f1-9518-87ccf2fafc79,83046776-8cb4-4298-ae63-fc805f540927,2026-08-29T19:04:24.000Z,2026-08-29T19:04:27.000Z,A2,A2,28.0,No,3.0,26.0,Yes,Yes,18.3,18.3,#ae600c, Orange,,,No,,,,,,,,,,,,,,,,,,,,,,,,,,,,,,,
PLATE_02,I18,SAM_V_0702_A2,Pleurotus ostreatus,High_RH_Old_Contaminated,18.0,PLATE_02_I18.mzML,Vial exudate ,V,02/07/2026,A2,1adbaf60-9206-11f1-9518-87ccf2fafc79,02/07/2026,1adbaf60-9206-11f1-9518-87ccf2fafc79,83046776-8cb4-4298-ae63-fc805f540927,2026-08-29T19:04:24.000Z,2026-08-29T19:04:27.000Z,A2,A2,28.0,No,3.0,26.0,Yes,Yes,18.3,18.3,#ae600c, Orange,,,No,,,,,,,,,,,,,,,,,,,,,,,,,,,,,,,
PLATE_02,I19,SAM_V_0702_A2,Pleurotus ostreatus,High_RH_Old_Contaminated,19.0,PLATE_02_I19.mzML,Vial exudate ,V,02/07/2026,A2,1adbaf60-9206-11f1-9518-87ccf2fafc79,02/07/2026,1adbaf60-9206-11f1-9518-87ccf2fafc79,83046776-8cb4-4298-ae63-fc805f540927,2026-08-29T19:04:24.000Z,2026-08-29T19:04:27.000Z,A2,A2,28.0,No,3.0,26.0,Yes,Yes,18.3,18.3,#ae600c, Orange,,,No,,,,,,,,,,,,,,,,,,,,,,,,,,,,,,,
PLATE_02,I20,SAM_V_0702_A2,Pleurotus ostreatus,High_RH_Old_Contaminated,20.0,PLATE_02_I20.mzML,Vial exudate ,V,02/07/2026,A2,1adbaf60-9206-11f1-9518-87ccf2fafc79,02/07/2026,1adbaf60-9206-11f1-9518-87ccf2fafc79,83046776-8cb4-4298-ae63-fc805f540927,2026-08-29T19:04:24.000Z,2026-08-29T19:04:27.000Z,A2,A2,28.0,No,3.0,26.0,Yes,Yes,18.3,18.3,#ae600c, Orange,,,No,,,,,,,,,,,,,,,,,,,,,,,,,,,,,,,
PLATE_02,I21,SAM_V_0702_A2,Pleurotus ostreatus,High_RH_Old_Contaminated,21.0,PLATE_02_I21.mzML,Vial exudate ,V,02/07/2026,A2,1adbaf60-9206-11f1-9518-87ccf2fafc79,02/07/2026,1adbaf60-9206-11f1-9518-87ccf2fafc79,83046776-8cb4-4298-ae63-fc805f540927,2026-08-29T19:04:24.000Z,2026-08-29T19:04:27.000Z,A2,A2,28.0,No,3.0,26.0,Yes,Yes,18.3,18.3,#ae600c, Orange,,,No,,,,,,,,,,,,,,,,,,,,,,,,,,,,,,,
PLATE_02,I22,SAM_V_0702_A2,Pleurotus ostreatus,High_RH_Old_Contaminated,22.0,PLATE_02_I22.mzML,Vial exudate ,V,02/07/2026,A2,1adbaf60-9206-11f1-9518-87ccf2fafc79,02/07/2026,1adbaf60-9206-11f1-9518-87ccf2fafc79,83046776-8cb4-4298-ae63-fc805f540927,2026-08-29T19:04:24.000Z,2026-08-29T19:04:27.000Z,A2,A2,28.0,No,3.0,26.0,Yes,Yes,18.3,18.3,#ae600c, Orange,,,No,,,,,,,,,,,,,,,,,,,,,,,,,,,,,,,
PLATE_02,I23,SAM_V_0702_A2,Pleurotus ostreatus,High_RH_Old_Contaminated,23.0,PLATE_02_I23.mzML,Vial exudate ,V,02/07/2026,A2,1adbaf60-9206-11f1-9518-87ccf2fafc79,02/07/2026,1adbaf60-9206-11f1-9518-87ccf2fafc79,83046776-8cb4-4298-ae63-fc805f540927,2026-08-29T19:04:24.000Z,2026-08-29T19:04:27.000Z,A2,A2,28.0,No,3.0,26.0,Yes,Yes,18.3,18.3,#ae600c, Orange,,,No,,,,,,,,,,,,,,,,,,,,,,,,,,,,,,,
PLATE_02,I24,SAM_V_0702_A2,Pleurotus ostreatus,High_RH_Old_Contaminated,24.0,PLATE_02_I24.mzML,Vial exudate ,V,02/07/2026,A2,1adbaf60-9206-11f1-9518-87ccf2fafc79,02/07/2026,1adbaf60-9206-11f1-9518-87ccf2fafc79,83046776-8cb4-4298-ae63-fc805f540927,2026-08-29T19:04:24.000Z,2026-08-29T19:04:27.000Z,A2,A2,28.0,No,3.0,26.0,Yes,Yes,18.3,18.3,#ae600c, Orange,,,No,,,,,,,,,,,,,,,,,,,,,,,,,,,,,,,
PLATE_02,J1,SAM_V_0702_A2,Pleurotus ostreatus,High_RH_Old_Contaminated,25.0,PLATE_02_J1.mzML,Vial exudate ,V,02/07/2026,A2,1adbaf60-9206-11f1-9518-87ccf2fafc79,02/07/2026,1adbaf60-9206-11f1-9518-87ccf2fafc79,83046776-8cb4-4298-ae63-fc805f540927,2026-08-29T19:04:24.000Z,2026-08-29T19:04:27.000Z,A2,A2,28.0,No,3.0,26.0,Yes,Yes,18.3,18.3,#ae600c, Orange,,,No,,,,,,,,,,,,,,,,,,,,,,,,,,,,,,,
PLATE_02,J2,SAM_V_0702_A2,Pleurotus ostreatus,High_RH_Old_Contaminated,26.0,PLATE_02_J2.mzML,Vial exudate ,V,02/07/2026,A2,1adbaf60-9206-11f1-9518-87ccf2fafc79,02/07/2026,1adbaf60-9206-11f1-9518-87ccf2fafc79,83046776-8cb4-4298-ae63-fc805f540927,2026-08-29T19:04:24.000Z,2026-08-29T19:04:27.000Z,A2,A2,28.0,No,3.0,26.0,Yes,Yes,18.3,18.3,#ae600c, Orange,,,No,,,,,,,,,,,,,,,,,,,,,,,,,,,,,,,
PLATE_02,J3,SAM_V_0702_A2,Pleurotus ostreatus,High_RH_Old_Contaminated,27.0,PLATE_02_J3.mzML,Vial exudate ,V,02/07/2026,A2,1adbaf60-9206-11f1-9518-87ccf2fafc79,02/07/2026,1adbaf60-9206-11f1-9518-87ccf2fafc79,83046776-8cb4-4298-ae63-fc805f540927,2026-08-29T19:04:24.000Z,2026-08-29T19:04:27.000Z,A2,A2,28.0,No,3.0,26.0,Yes,Yes,18.3,18.3,#ae600c, Orange,,,No,,,,,,,,,,,,,,,,,,,,,,,,,,,,,,,
PLATE_02,J4,SAM_V_0702_A2,Pleurotus ostreatus,High_RH_Old_Contaminated,28.0,PLATE_02_J4.mzML,Vial exudate ,V,02/07/2026,A2,1adbaf60-9206-11f1-9518-87ccf2fafc79,02/07/2026,1adbaf60-9206-11f1-9518-87ccf2fafc79,83046776-8cb4-4298-ae63-fc805f540927,2026-08-29T19:04:24.000Z,2026-08-29T19:04:27.000Z,A2,A2,28.0,No,3.0,26.0,Yes,Yes,18.3,18.3,#ae600c, Orange,,,No,,,,,,,,,,,,,,,,,,,,,,,,,,,,,,,
PLATE_02,J5,SAM_V_0702_A2,Pleurotus ostreatus,High_RH_Old_Contaminated,29.0,PLATE_02_J5.mzML,Vial exudate ,V,02/07/2026,A2,1adbaf60-9206-11f1-9518-87ccf2fafc79,02/07/2026,1adbaf60-9206-11f1-9518-87ccf2fafc79,83046776-8cb4-4298-ae63-fc805f540927,2026-08-29T19:04:24.000Z,2026-08-29T19:04:27.000Z,A2,A2,28.0,No,3.0,26.0,Yes,Yes,18.3,18.3,#ae600c, Orange,,,No,,,,,,,,,,,,,,,,,,,,,,,,,,,,,,,
PLATE_02,J6,SAM_V_0702_A2,Pleurotus ostreatus,High_RH_Old_Contaminated,30.0,PLATE_02_J6.mzML,Vial exudate ,V,02/07/2026,A2,1adbaf60-9206-11f1-9518-87ccf2fafc79,02/07/2026,1adbaf60-9206-11f1-9518-87ccf2fafc79,83046776-8cb4-4298-ae63-fc805f540927,2026-08-29T19:04:24.000Z,2026-08-29T19:04:27.000Z,A2,A2,28.0,No,3.0,26.0,Yes,Yes,18.3,18.3,#ae600c, Orange,,,No,,,,,,,,,,,,,,,,,,,,,,,,,,,,,,,
PLATE_02,J7,SAM_V_0702_A2,Pleurotus ostreatus,High_RH_Old_Contaminated,31.0,PLATE_02_J7.mzML,Vial exudate ,V,02/07/2026,A2,1adbaf60-9206-11f1-9518-87ccf2fafc79,02/07/2026,1adbaf60-9206-11f1-9518-87ccf2fafc79,83046776-8cb4-4298-ae63-fc805f540927,2026-08-29T19:04:24.000Z,2026-08-29T19:04:27.000Z,A2,A2,28.0,No,3.0,26.0,Yes,Yes,18.3,18.3,#ae600c, Orange,,,No,,,,,,,,,,,,,,,,,,,,,,,,,,,,,,,
PLATE_02,J8,SAM_V_0702_A2,Pleurotus ostreatus,High_RH_Old_Contaminated,32.0,PLATE_02_J8.mzML,Vial exudate ,V,02/07/2026,A2,1adbaf60-9206-11f1-9518-87ccf2fafc79,02/07/2026,1adbaf60-9206-11f1-9518-87ccf2fafc79,83046776-8cb4-4298-ae63-fc805f540927,2026-08-29T19:04:24.000Z,2026-08-29T19:04:27.000Z,A2,A2,28.0,No,3.0,26.0,Yes,Yes,18.3,18.3,#ae600c, Orange,,,No,,,,,,,,,,,,,,,,,,,,,,,,,,,,,,,
PLATE_02,J9,SAM_V_0702_A2,Pleurotus ostreatus,High_RH_Old_Contaminated,33.0,PLATE_02_J9.mzML,Vial exudate ,V,02/07/2026,A2,1adbaf60-9206-11f1-9518-87ccf2fafc79,02/07/2026,1adbaf60-9206-11f1-9518-87ccf2fafc79,83046776-8cb4-4298-ae63-fc805f540927,2026-08-29T19:04:24.000Z,2026-08-29T19:04:27.000Z,A2,A2,28.0,No,3.0,26.0,Yes,Yes,18.3,18.3,#ae600c, Orange,,,No,,,,,,,,,,,,,,,,,,,,,,,,,,,,,,,
PLATE_02,J10,SAM_V_0702_A2,Pleurotus ostreatus,High_RH_Old_Contaminated,34.0,PLATE_02_J10.mzML,Vial exudate ,V,02/07/2026,A2,1adbaf60-9206-11f1-9518-87ccf2fafc79,02/07/2026,1adbaf60-9206-11f1-9518-87ccf2fafc79,83046776-8cb4-4298-ae63-fc805f540927,2026-08-29T19:04:24.000Z,2026-08-29T19:04:27.000Z,A2,A2,28.0,No,3.0,26.0,Yes,Yes,18.3,18.3,#ae600c, Orange,,,No,,,,,,,,,,,,,,,,,,,,,,,,,,,,,,,
PLATE_02,J11,SAM_V_0702_A2,Pleurotus ostreatus,High_RH_Old_Contaminated,35.0,PLATE_02_J11.mzML,Vial exudate ,V,02/07/2026,A2,1adbaf60-9206-11f1-9518-87ccf2fafc79,02/07/2026,1adbaf60-9206-11f1-9518-87ccf2fafc79,83046776-8cb4-4298-ae63-fc805f540927,2026-08-29T19:04:24.000Z,2026-08-29T19:04:27.000Z,A2,A2,28.0,No,3.0,26.0,Yes,Yes,18.3,18.3,#ae600c, Orange,,,No,,,,,,,,,,,,,,,,,,,,,,,,,,,,,,,
PLATE_02,J12,SAM_V_0702_A2,Pleurotus ostreatus,High_RH_Old_Contaminated,36.0,PLATE_02_J12.mzML,Vial exudate ,V,02/07/2026,A2,1adbaf60-9206-11f1-9518-87ccf2fafc79,02/07/2026,1adbaf60-9206-11f1-9518-87ccf2fafc79,83046776-8cb4-4298-ae63-fc805f540927,2026-08-29T19:04:24.000Z,2026-08-29T19:04:27.000Z,A2,A2,28.0,No,3.0,26.0,Yes,Yes,18.3,18.3,#ae600c, Orange,,,No,,,,,,,,,,,,,,,,,,,,,,,,,,,,,,,
PLATE_02,J13,SAM_V_0702_A2,Pleurotus ostreatus,High_RH_Old_Contaminated,37.0,PLATE_02_J13.mzML,Vial exudate ,V,02/07/2026,A2,1adbaf60-9206-11f1-9518-87ccf2fafc79,02/07/2026,1adbaf60-9206-11f1-9518-87ccf2fafc79,83046776-8cb4-4298-ae63-fc805f540927,2026-08-29T19:04:24.000Z,2026-08-29T19:04:27.000Z,A2,A2,28.0,No,3.0,26.0,Yes,Yes,18.3,18.3,#ae600c, Orange,,,No,,,,,,,,,,,,,,,,,,,,,,,,,,,,,,,
PLATE_02,J14,SAM_V_0702_A2,Pleurotus ostreatus,High_RH_Old_Contaminated,38.0,PLATE_02_J14.mzML,Vial exudate ,V,02/07/2026,A2,1adbaf60-9206-11f1-9518-87ccf2fafc79,02/07/2026,1adbaf60-9206-11f1-9518-87ccf2fafc79,83046776-8cb4-4298-ae63-fc805f540927,2026-08-29T19:04:24.000Z,2026-08-29T19:04:27.000Z,A2,A2,28.0,No,3.0,26.0,Yes,Yes,18.3,18.3,#ae600c, Orange,,,No,,,,,,,,,,,,,,,,,,,,,,,,,,,,,,,
PLATE_02,J15,SAM_V_0702_A2,Pleurotus ostreatus,High_RH_Old_Contaminated,39.0,PLATE_02_J15.mzML,Vial exudate ,V,02/07/2026,A2,1adbaf60-9206-11f1-9518-87ccf2fafc79,02/07/2026,1adbaf60-9206-11f1-9518-87ccf2fafc79,83046776-8cb4-4298-ae63-fc805f540927,2026-08-29T19:04:24.000Z,2026-08-29T19:04:27.000Z,A2,A2,28.0,No,3.0,26.0,Yes,Yes,18.3,18.3,#ae600c, Orange,,,No,,,,,,,,,,,,,,,,,,,,,,,,,,,,,,,
PLATE_02,J16,SAM_V_0702_A2,Pleurotus ostreatus,High_RH_Old_Contaminated,40.0,PLATE_02_J16.mzML,Vial exudate ,V,02/07/2026,A2,1adbaf60-9206-11f1-9518-87ccf2fafc79,02/07/2026,1adbaf60-9206-11f1-9518-87ccf2fafc79,83046776-8cb4-4298-ae63-fc805f540927,2026-08-29T19:04:24.000Z,2026-08-29T19:04:27.000Z,A2,A2,28.0,No,3.0,26.0,Yes,Yes,18.3,18.3,#ae600c, Orange,,,No,,,,,,,,,,,,,,,,,,,,,,,,,,,,,,,
PLATE_02,J17,SAM_V_0702_A2,Pleurotus ostreatus,High_RH_Old_Contaminated,41.0,PLATE_02_J17.mzML,Vial exudate ,V,02/07/2026,A2,1adbaf60-9206-11f1-9518-87ccf2fafc79,02/07/2026,1adbaf60-9206-11f1-9518-87ccf2fafc79,83046776-8cb4-4298-ae63-fc805f540927,2026-08-29T19:04:24.000Z,2026-08-29T19:04:27.000Z,A2,A2,28.0,No,3.0,26.0,Yes,Yes,18.3,18.3,#ae600c, Orange,,,No,,,,,,,,,,,,,,,,,,,,,,,,,,,,,,,
PLATE_02,J18,SAM_V_0702_A2,Pleurotus ostreatus,High_RH_Old_Contaminated,42.0,PLATE_02_J18.mzML,Vial exudate ,V,02/07/2026,A2,1adbaf60-9206-11f1-9518-87ccf2fafc79,02/07/2026,1adbaf60-9206-11f1-9518-87ccf2fafc79,83046776-8cb4-4298-ae63-fc805f540927,2026-08-29T19:04:24.000Z,2026-08-29T19:04:27.000Z,A2,A2,28.0,No,3.0,26.0,Yes,Yes,18.3,18.3,#ae600c, Orange,,,No,,,,,,,,,,,,,,,,,,,,,,,,,,,,,,,
PLATE_02,J19,SAM_V_0702_A2,Pleurotus ostreatus,High_RH_Old_Contaminated,43.0,PLATE_02_J19.mzML,Vial exudate ,V,02/07/2026,A2,1adbaf60-9206-11f1-9518-87ccf2fafc79,02/07/2026,1adbaf60-9206-11f1-9518-87ccf2fafc79,83046776-8cb4-4298-ae63-fc805f540927,2026-08-29T19:04:24.000Z,2026-08-29T19:04:27.000Z,A2,A2,28.0,No,3.0,26.0,Yes,Yes,18.3,18.3,#ae600c, Orange,,,No,,,,,,,,,,,,,,,,,,,,,,,,,,,,,,,
PLATE_02,J20,SAM_V_0702_A2,Pleurotus ostreatus,High_RH_Old_Contaminated,44.0,PLATE_02_J20.mzML,Vial exudate ,V,02/07/2026,A2,1adbaf60-9206-11f1-9518-87ccf2fafc79,02/07/2026,1adbaf60-9206-11f1-9518-87ccf2fafc79,83046776-8cb4-4298-ae63-fc805f540927,2026-08-29T19:04:24.000Z,2026-08-29T19:04:27.000Z,A2,A2,28.0,No,3.0,26.0,Yes,Yes,18.3,18.3,#ae600c, Orange,,,No,,,,,,,,,,,,,,,,,,,,,,,,,,,,,,,
PLATE_02,J21,SAM_V_0702_A2,Pleurotus ostreatus,High_RH_Old_Contaminated,45.0,PLATE_02_J21.mzML,Vial exudate ,V,02/07/2026,A2,1adbaf60-9206-11f1-9518-87ccf2fafc79,02/07/2026,1adbaf60-9206-11f1-9518-87ccf2fafc79,83046776-8cb4-4298-ae63-fc805f540927,2026-08-29T19:04:24.000Z,2026-08-29T19:04:27.000Z,A2,A2,28.0,No,3.0,26.0,Yes,Yes,18.3,18.3,#ae600c, Orange,,,No,,,,,,,,,,,,,,,,,,,,,,,,,,,,,,,
PLATE_02,J22,SAM_V_0702_A2,Pleurotus ostreatus,High_RH_Old_Contaminated,46.0,PLATE_02_J22.mzML,Vial exudate ,V,02/07/2026,A2,1adbaf60-9206-11f1-9518-87ccf2fafc79,02/07/2026,1adbaf60-9206-11f1-9518-87ccf2fafc79,83046776-8cb4-4298-ae63-fc805f540927,2026-08-29T19:04:24.000Z,2026-08-29T19:04:27.000Z,A2,A2,28.0,No,3.0,26.0,Yes,Yes,18.3,18.3,#ae600c, Orange,,,No,,,,,,,,,,,,,,,,,,,,,,,,,,,,,,,
PLATE_02,J23,SAM_V_0702_A2,Pleurotus ostreatus,High_RH_Old_Contaminated,47.0,PLATE_02_J23.mzML,Vial exudate ,V,02/07/2026,A2,1adbaf60-9206-11f1-9518-87ccf2fafc79,02/07/2026,1adbaf60-9206-11f1-9518-87ccf2fafc79,83046776-8cb4-4298-ae63-fc805f540927,2026-08-29T19:04:24.000Z,2026-08-29T19:04:27.000Z,A2,A2,28.0,No,3.0,26.0,Yes,Yes,18.3,18.3,#ae600c, Orange,,,No,,,,,,,,,,,,,,,,,,,,,,,,,,,,,,,
PLATE_02,J24,SAM_V_0702_A2,Pleurotus ostreatus,High_RH_Old_Contaminated,48.0,PLATE_02_J24.mzML,Vial exudate ,V,02/07/2026,A2,1adbaf60-9206-11f1-9518-87ccf2fafc79,02/07/2026,1adbaf60-9206-11f1-9518-87ccf2fafc79,83046776-8cb4-4298-ae63-fc805f540927,2026-08-29T19:04:24.000Z,2026-08-29T19:04:27.000Z,A2,A2,28.0,No,3.0,26.0,Yes,Yes,18.3,18.3,#ae600c, Orange,,,No,,,,,,,,,,,,,,,,,,,,,,,,,,,,,,,
PLATE_02,K1,SAM_V_0702_A2,Pleurotus ostreatus,High_RH_Old_Contaminated,49.0,PLATE_02_K1.mzML,Vial exudate ,V,02/07/2026,A2,1adbaf60-9206-11f1-9518-87ccf2fafc79,02/07/2026,1adbaf60-9206-11f1-9518-87ccf2fafc79,83046776-8cb4-4298-ae63-fc805f540927,2026-08-29T19:04:24.000Z,2026-08-29T19:04:27.000Z,A2,A2,28.0,No,3.0,26.0,Yes,Yes,18.3,18.3,#ae600c, Orange,,,No,,,,,,,,,,,,,,,,,,,,,,,,,,,,,,,
PLATE_02,K2,SAM_V_0702_A2,Pleurotus ostreatus,High_RH_Old_Contaminated,50.0,PLATE_02_K2.mzML,Vial exudate ,V,02/07/2026,A2,1adbaf60-9206-11f1-9518-87ccf2fafc79,02/07/2026,1adbaf60-9206-11f1-9518-87ccf2fafc79,83046776-8cb4-4298-ae63-fc805f540927,2026-08-29T19:04:24.000Z,2026-08-29T19:04:27.000Z,A2,A2,28.0,No,3.0,26.0,Yes,Yes,18.3,18.3,#ae600c, Orange,,,No,,,,,,,,,,,,,,,,,,,,,,,,,,,,,,,
PLATE_02,K3,SAM_V_0702_A2,Pleurotus ostreatus,High_RH_Old_Contaminated,51.0,PLATE_02_K3.mzML,Vial exudate ,V,02/07/2026,A2,1adbaf60-9206-11f1-9518-87ccf2fafc79,02/07/2026,1adbaf60-9206-11f1-9518-87ccf2fafc79,83046776-8cb4-4298-ae63-fc805f540927,2026-08-29T19:04:24.000Z,2026-08-29T19:04:27.000Z,A2,A2,28.0,No,3.0,26.0,Yes,Yes,18.3,18.3,#ae600c, Orange,,,No,,,,,,,,,,,,,,,,,,,,,,,,,,,,,,,
PLATE_02,K4,SAM_V_0702_A2,Pleurotus ostreatus,High_RH_Old_Contaminated,52.0,PLATE_02_K4.mzML,Vial exudate ,V,02/07/2026,A2,1adbaf60-9206-11f1-9518-87ccf2fafc79,02/07/2026,1adbaf60-9206-11f1-9518-87ccf2fafc79,83046776-8cb4-4298-ae63-fc805f540927,2026-08-29T19:04:24.000Z,2026-08-29T19:04:27.000Z,A2,A2,28.0,No,3.0,26.0,Yes,Yes,18.3,18.3,#ae600c, Orange,,,No,,,,,,,,,,,,,,,,,,,,,,,,,,,,,,,
PLATE_02,K5,SAM_V_0702_A2,Pleurotus ostreatus,High_RH_Old_Contaminated,53.0,PLATE_02_K5.mzML,Vial exudate ,V,02/07/2026,A2,1adbaf60-9206-11f1-9518-87ccf2fafc79,02/07/2026,1adbaf60-9206-11f1-9518-87ccf2fafc79,83046776-8cb4-4298-ae63-fc805f540927,2026-08-29T19:04:24.000Z,2026-08-29T19:04:27.000Z,A2,A2,28.0,No,3.0,26.0,Yes,Yes,18.3,18.3,#ae600c, Orange,,,No,,,,,,,,,,,,,,,,,,,,,,,,,,,,,,,
PLATE_02,K6,SAM_V_0702_A2,Pleurotus ostreatus,High_RH_Old_Contaminated,54.0,PLATE_02_K6.mzML,Vial exudate ,V,02/07/2026,A2,1adbaf60-9206-11f1-9518-87ccf2fafc79,02/07/2026,1adbaf60-9206-11f1-9518-87ccf2fafc79,83046776-8cb4-4298-ae63-fc805f540927,2026-08-29T19:04:24.000Z,2026-08-29T19:04:27.000Z,A2,A2,28.0,No,3.0,26.0,Yes,Yes,18.3,18.3,#ae600c, Orange,,,No,,,,,,,,,,,,,,,,,,,,,,,,,,,,,,,
PLATE_02,K7,SAM_V_0702_A2,Pleurotus ostreatus,High_RH_Old_Contaminated,55.0,PLATE_02_K7.mzML,Vial exudate ,V,02/07/2026,A2,1adbaf60-9206-11f1-9518-87ccf2fafc79,02/07/2026,1adbaf60-9206-11f1-9518-87ccf2fafc79,83046776-8cb4-4298-ae63-fc805f540927,2026-08-29T19:04:24.000Z,2026-08-29T19:04:27.000Z,A2,A2,28.0,No,3.0,26.0,Yes,Yes,18.3,18.3,#ae600c, Orange,,,No,,,,,,,,,,,,,,,,,,,,,,,,,,,,,,,
PLATE_02,K8,SAM_V_0702_A2,Pleurotus ostreatus,High_RH_Old_Contaminated,56.0,PLATE_02_K8.mzML,Vial exudate ,V,02/07/2026,A2,1adbaf60-9206-11f1-9518-87ccf2fafc79,02/07/2026,1adbaf60-9206-11f1-9518-87ccf2fafc79,83046776-8cb4-4298-ae63-fc805f540927,2026-08-29T19:04:24.000Z,2026-08-29T19:04:27.000Z,A2,A2,28.0,No,3.0,26.0,Yes,Yes,18.3,18.3,#ae600c, Orange,,,No,,,,,,,,,,,,,,,,,,,,,,,,,,,,,,,
PLATE_02,K9,SAM_V_0702_A2,Pleurotus ostreatus,High_RH_Old_Contaminated,57.0,PLATE_02_K9.mzML,Vial exudate ,V,02/07/2026,A2,1adbaf60-9206-11f1-9518-87ccf2fafc79,02/07/2026,1adbaf60-9206-11f1-9518-87ccf2fafc79,83046776-8cb4-4298-ae63-fc805f540927,2026-08-29T19:04:24.000Z,2026-08-29T19:04:27.000Z,A2,A2,28.0,No,3.0,26.0,Yes,Yes,18.3,18.3,#ae600c, Orange,,,No,,,,,,,,,,,,,,,,,,,,,,,,,,,,,,,
PLATE_02,K10,SAM_V_0702_A2,Pleurotus ostreatus,High_RH_Old_Contaminated,58.0,PLATE_02_K10.mzML,Vial exudate ,V,02/07/2026,A2,1adbaf60-9206-11f1-9518-87ccf2fafc79,02/07/2026,1adbaf60-9206-11f1-9518-87ccf2fafc79,83046776-8cb4-4298-ae63-fc805f540927,2026-08-29T19:04:24.000Z,2026-08-29T19:04:27.000Z,A2,A2,28.0,No,3.0,26.0,Yes,Yes,18.3,18.3,#ae600c, Orange,,,No,,,,,,,,,,,,,,,,,,,,,,,,,,,,,,,
PLATE_02,K11,SAM_V_0702_A2,Pleurotus ostreatus,High_RH_Old_Contaminated,59.0,PLATE_02_K11.mzML,Vial exudate ,V,02/07/2026,A2,1adbaf60-9206-11f1-9518-87ccf2fafc79,02/07/2026,1adbaf60-9206-11f1-9518-87ccf2fafc79,83046776-8cb4-4298-ae63-fc805f540927,2026-08-29T19:04:24.000Z,2026-08-29T19:04:27.000Z,A2,A2,28.0,No,3.0,26.0,Yes,Yes,18.3,18.3,#ae600c, Orange,,,No,,,,,,,,,,,,,,,,,,,,,,,,,,,,,,,
PLATE_02,K12,SAM_V_0702_A2,Pleurotus ostreatus,High_RH_Old_Contaminated,60.0,PLATE_02_K12.mzML,Vial exudate ,V,02/07/2026,A2,1adbaf60-9206-11f1-9518-87ccf2fafc79,02/07/2026,1adbaf60-9206-11f1-9518-87ccf2fafc79,83046776-8cb4-4298-ae63-fc805f540927,2026-08-29T19:04:24.000Z,2026-08-29T19:04:27.000Z,A2,A2,28.0,No,3.0,26.0,Yes,Yes,18.3,18.3,#ae600c, Orange,,,No,,,,,,,,,,,,,,,,,,,,,,,,,,,,,,,
PLATE_02,K13,SAM_V_0702_A2,Pleurotus ostreatus,High_RH_Old_Contaminated,61.0,PLATE_02_K13.mzML,Vial exudate ,V,02/07/2026,A2,1adbaf60-9206-11f1-9518-87ccf2fafc79,02/07/2026,1adbaf60-9206-11f1-9518-87ccf2fafc79,83046776-8cb4-4298-ae63-fc805f540927,2026-08-29T19:04:24.000Z,2026-08-29T19:04:27.000Z,A2,A2,28.0,No,3.0,26.0,Yes,Yes,18.3,18.3,#ae600c, Orange,,,No,,,,,,,,,,,,,,,,,,,,,,,,,,,,,,,
PLATE_02,K14,SAM_V_0702_A2,Pleurotus ostreatus,High_RH_Old_Contaminated,62.0,PLATE_02_K14.mzML,Vial exudate ,V,02/07/2026,A2,1adbaf60-9206-11f1-9518-87ccf2fafc79,02/07/2026,1adbaf60-9206-11f1-9518-87ccf2fafc79,83046776-8cb4-4298-ae63-fc805f540927,2026-08-29T19:04:24.000Z,2026-08-29T19:04:27.000Z,A2,A2,28.0,No,3.0,26.0,Yes,Yes,18.3,18.3,#ae600c, Orange,,,No,,,,,,,,,,,,,,,,,,,,,,,,,,,,,,,
PLATE_02,K15,SAM_V_0702_A2,Pleurotus ostreatus,High_RH_Old_Contaminated,63.0,PLATE_02_K15.mzML,Vial exudate ,V,02/07/2026,A2,1adbaf60-9206-11f1-9518-87ccf2fafc79,02/07/2026,1adbaf60-9206-11f1-9518-87ccf2fafc79,83046776-8cb4-4298-ae63-fc805f540927,2026-08-29T19:04:24.000Z,2026-08-29T19:04:27.000Z,A2,A2,28.0,No,3.0,26.0,Yes,Yes,18.3,18.3,#ae600c, Orange,,,No,,,,,,,,,,,,,,,,,,,,,,,,,,,,,,,
PLATE_02,K16,SAM_V_0702_A2,Pleurotus ostreatus,High_RH_Old_Contaminated,64.0,PLATE_02_K16.mzML,Vial exudate ,V,02/07/2026,A2,1adbaf60-9206-11f1-9518-87ccf2fafc79,02/07/2026,1adbaf60-9206-11f1-9518-87ccf2fafc79,83046776-8cb4-4298-ae63-fc805f540927,2026-08-29T19:04:24.000Z,2026-08-29T19:04:27.000Z,A2,A2,28.0,No,3.0,26.0,Yes,Yes,18.3,18.3,#ae600c, Orange,,,No,,,,,,,,,,,,,,,,,,,,,,,,,,,,,,,
PLATE_02,K17,SAM_V_0702_A2,Pleurotus ostreatus,High_RH_Old_Contaminated,65.0,PLATE_02_K17.mzML,Vial exudate ,V,02/07/2026,A2,1adbaf60-9206-11f1-9518-87ccf2fafc79,02/07/2026,1adbaf60-9206-11f1-9518-87ccf2fafc79,83046776-8cb4-4298-ae63-fc805f540927,2026-08-29T19:04:24.000Z,2026-08-29T19:04:27.000Z,A2,A2,28.0,No,3.0,26.0,Yes,Yes,18.3,18.3,#ae600c, Orange,,,No,,,,,,,,,,,,,,,,,,,,,,,,,,,,,,,
PLATE_02,K18,SAM_V_0702_A2,Pleurotus ostreatus,High_RH_Old_Contaminated,66.0,PLATE_02_K18.mzML,Vial exudate ,V,02/07/2026,A2,1adbaf60-9206-11f1-9518-87ccf2fafc79,02/07/2026,1adbaf60-9206-11f1-9518-87ccf2fafc79,83046776-8cb4-4298-ae63-fc805f540927,2026-08-29T19:04:24.000Z,2026-08-29T19:04:27.000Z,A2,A2,28.0,No,3.0,26.0,Yes,Yes,18.3,18.3,#ae600c, Orange,,,No,,,,,,,,,,,,,,,,,,,,,,,,,,,,,,,
PLATE_02,K19,SAM_V_0702_A2,Pleurotus ostreatus,High_RH_Old_Contaminated,67.0,PLATE_02_K19.mzML,Vial exudate ,V,02/07/2026,A2,1adbaf60-9206-11f1-9518-87ccf2fafc79,02/07/2026,1adbaf60-9206-11f1-9518-87ccf2fafc79,83046776-8cb4-4298-ae63-fc805f540927,2026-08-29T19:04:24.000Z,2026-08-29T19:04:27.000Z,A2,A2,28.0,No,3.0,26.0,Yes,Yes,18.3,18.3,#ae600c, Orange,,,No,,,,,,,,,,,,,,,,,,,,,,,,,,,,,,,
PLATE_02,K20,SAM_V_0702_A2,Pleurotus ostreatus,High_RH_Old_Contaminated,68.0,PLATE_02_K20.mzML,Vial exudate ,V,02/07/2026,A2,1adbaf60-9206-11f1-9518-87ccf2fafc79,02/07/2026,1adbaf60-9206-11f1-9518-87ccf2fafc79,83046776-8cb4-4298-ae63-fc805f540927,2026-08-29T19:04:24.000Z,2026-08-29T19:04:27.000Z,A2,A2,28.0,No,3.0,26.0,Yes,Yes,18.3,18.3,#ae600c, Orange,,,No,,,,,,,,,,,,,,,,,,,,,,,,,,,,,,,
PLATE_02,K21,SAM_V_0702_A2,Pleurotus ostreatus,High_RH_Old_Contaminated,69.0,PLATE_02_K21.mzML,Vial exudate ,V,02/07/2026,A2,1adbaf60-9206-11f1-9518-87ccf2fafc79,02/07/2026,1adbaf60-9206-11f1-9518-87ccf2fafc79,83046776-8cb4-4298-ae63-fc805f540927,2026-08-29T19:04:24.000Z,2026-08-29T19:04:27.000Z,A2,A2,28.0,No,3.0,26.0,Yes,Yes,18.3,18.3,#ae600c, Orange,,,No,,,,,,,,,,,,,,,,,,,,,,,,,,,,,,,
PLATE_02,K22,SAM_V_0702_A2,Pleurotus ostreatus,High_RH_Old_Contaminated,70.0,PLATE_02_K22.mzML,Vial exudate ,V,02/07/2026,A2,1adbaf60-9206-11f1-9518-87ccf2fafc79,02/07/2026,1adbaf60-9206-11f1-9518-87ccf2fafc79,83046776-8cb4-4298-ae63-fc805f540927,2026-08-29T19:04:24.000Z,2026-08-29T19:04:27.000Z,A2,A2,28.0,No,3.0,26.0,Yes,Yes,18.3,18.3,#ae600c, Orange,,,No,,,,,,,,,,,,,,,,,,,,,,,,,,,,,,,
PLATE_02,K23,SAM_V_0702_A2,Pleurotus ostreatus,High_RH_Old_Contaminated,71.0,PLATE_02_K23.mzML,Vial exudate ,V,02/07/2026,A2,1adbaf60-9206-11f1-9518-87ccf2fafc79,02/07/2026,1adbaf60-9206-11f1-9518-87ccf2fafc79,83046776-8cb4-4298-ae63-fc805f540927,2026-08-29T19:04:24.000Z,2026-08-29T19:04:27.000Z,A2,A2,28.0,No,3.0,26.0,Yes,Yes,18.3,18.3,#ae600c, Orange,,,No,,,,,,,,,,,,,,,,,,,,,,,,,,,,,,,
PLATE_02,K24,SAM_V_0702_A2,Pleurotus ostreatus,High_RH_Old_Contaminated,72.0,PLATE_02_K24.mzML,Vial exudate ,V,02/07/2026,A2,1adbaf60-9206-11f1-9518-87ccf2fafc79,02/07/2026,1adbaf60-9206-11f1-9518-87ccf2fafc79,83046776-8cb4-4298-ae63-fc805f540927,2026-08-29T19:04:24.000Z,2026-08-29T19:04:27.000Z,A2,A2,28.0,No,3.0,26.0,Yes,Yes,18.3,18.3,#ae600c, Orange,,,No,,,,,,,,,,,,,,,,,,,,,,,,,,,,,,,
PLATE_02,L1,SAM_V_0702_A2,Pleurotus ostreatus,High_RH_Old_Contaminated,73.0,PLATE_02_L1.mzML,Vial exudate ,V,02/07/2026,A2,1adbaf60-9206-11f1-9518-87ccf2fafc79,02/07/2026,1adbaf60-9206-11f1-9518-87ccf2fafc79,83046776-8cb4-4298-ae63-fc805f540927,2026-08-29T19:04:24.000Z,2026-08-29T19:04:27.000Z,A2,A2,28.0,No,3.0,26.0,Yes,Yes,18.3,18.3,#ae600c, Orange,,,No,,,,,,,,,,,,,,,,,,,,,,,,,,,,,,,
PLATE_02,L2,SAM_V_0702_A2,Pleurotus ostreatus,High_RH_Old_Contaminated,74.0,PLATE_02_L2.mzML,Vial exudate ,V,02/07/2026,A2,1adbaf60-9206-11f1-9518-87ccf2fafc79,02/07/2026,1adbaf60-9206-11f1-9518-87ccf2fafc79,83046776-8cb4-4298-ae63-fc805f540927,2026-08-29T19:04:24.000Z,2026-08-29T19:04:27.000Z,A2,A2,28.0,No,3.0,26.0,Yes,Yes,18.3,18.3,#ae600c, Orange,,,No,,,,,,,,,,,,,,,,,,,,,,,,,,,,,,,
PLATE_02,L3,SAM_V_0702_A2,Pleurotus ostreatus,High_RH_Old_Contaminated,75.0,PLATE_02_L3.mzML,Vial exudate ,V,02/07/2026,A2,1adbaf60-9206-11f1-9518-87ccf2fafc79,02/07/2026,1adbaf60-9206-11f1-9518-87ccf2fafc79,83046776-8cb4-4298-ae63-fc805f540927,2026-08-29T19:04:24.000Z,2026-08-29T19:04:27.000Z,A2,A2,28.0,No,3.0,26.0,Yes,Yes,18.3,18.3,#ae600c, Orange,,,No,,,,,,,,,,,,,,,,,,,,,,,,,,,,,,,
PLATE_02,L4,SAM_V_0702_A2,Pleurotus ostreatus,High_RH_Old_Contaminated,76.0,PLATE_02_L4.mzML,Vial exudate ,V,02/07/2026,A2,1adbaf60-9206-11f1-9518-87ccf2fafc79,02/07/2026,1adbaf60-9206-11f1-9518-87ccf2fafc79,83046776-8cb4-4298-ae63-fc805f540927,2026-08-29T19:04:24.000Z,2026-08-29T19:04:27.000Z,A2,A2,28.0,No,3.0,26.0,Yes,Yes,18.3,18.3,#ae600c, Orange,,,No,,,,,,,,,,,,,,,,,,,,,,,,,,,,,,,
PLATE_02,L5,SAM_V_0702_A2,Pleurotus ostreatus,High_RH_Old_Contaminated,77.0,PLATE_02_L5.mzML,Vial exudate ,V,02/07/2026,A2,1adbaf60-9206-11f1-9518-87ccf2fafc79,02/07/2026,1adbaf60-9206-11f1-9518-87ccf2fafc79,83046776-8cb4-4298-ae63-fc805f540927,2026-08-29T19:04:24.000Z,2026-08-29T19:04:27.000Z,A2,A2,28.0,No,3.0,26.0,Yes,Yes,18.3,18.3,#ae600c, Orange,,,No,,,,,,,,,,,,,,,,,,,,,,,,,,,,,,,
PLATE_02,L6,SAM_V_0702_A2,Pleurotus ostreatus,High_RH_Old_Contaminated,78.0,PLATE_02_L6.mzML,Vial exudate ,V,02/07/2026,A2,1adbaf60-9206-11f1-9518-87ccf2fafc79,02/07/2026,1adbaf60-9206-11f1-9518-87ccf2fafc79,83046776-8cb4-4298-ae63-fc805f540927,2026-08-29T19:04:24.000Z,2026-08-29T19:04:27.000Z,A2,A2,28.0,No,3.0,26.0,Yes,Yes,18.3,18.3,#ae600c, Orange,,,No,,,,,,,,,,,,,,,,,,,,,,,,,,,,,,,
PLATE_02,L7,SAM_V_0702_A2,Pleurotus ostreatus,High_RH_Old_Contaminated,79.0,PLATE_02_L7.mzML,Vial exudate ,V,02/07/2026,A2,1adbaf60-9206-11f1-9518-87ccf2fafc79,02/07/2026,1adbaf60-9206-11f1-9518-87ccf2fafc79,83046776-8cb4-4298-ae63-fc805f540927,2026-08-29T19:04:24.000Z,2026-08-29T19:04:27.000Z,A2,A2,28.0,No,3.0,26.0,Yes,Yes,18.3,18.3,#ae600c, Orange,,,No,,,,,,,,,,,,,,,,,,,,,,,,,,,,,,,
PLATE_02,L8,SAM_V_0702_A2,Pleurotus ostreatus,High_RH_Old_Contaminated,80.0,PLATE_02_L8.mzML,Vial exudate ,V,02/07/2026,A2,1adbaf60-9206-11f1-9518-87ccf2fafc79,02/07/2026,1adbaf60-9206-11f1-9518-87ccf2fafc79,83046776-8cb4-4298-ae63-fc805f540927,2026-08-29T19:04:24.000Z,2026-08-29T19:04:27.000Z,A2,A2,28.0,No,3.0,26.0,Yes,Yes,18.3,18.3,#ae600c, Orange,,,No,,,,,,,,,,,,,,,,,,,,,,,,,,,,,,,
PLATE_02,L9,SAM_V_0702_A2,Pleurotus ostreatus,High_RH_Old_Contaminated,81.0,PLATE_02_L9.mzML,Vial exudate ,V,02/07/2026,A2,1adbaf60-9206-11f1-9518-87ccf2fafc79,02/07/2026,1adbaf60-9206-11f1-9518-87ccf2fafc79,83046776-8cb4-4298-ae63-fc805f540927,2026-08-29T19:04:24.000Z,2026-08-29T19:04:27.000Z,A2,A2,28.0,No,3.0,26.0,Yes,Yes,18.3,18.3,#ae600c, Orange,,,No,,,,,,,,,,,,,,,,,,,,,,,,,,,,,,,
PLATE_02,L10,SAM_V_0702_A2,Pleurotus ostreatus,High_RH_Old_Contaminated,82.0,PLATE_02_L10.mzML,Vial exudate ,V,02/07/2026,A2,1adbaf60-9206-11f1-9518-87ccf2fafc79,02/07/2026,1adbaf60-9206-11f1-9518-87ccf2fafc79,83046776-8cb4-4298-ae63-fc805f540927,2026-08-29T19:04:24.000Z,2026-08-29T19:04:27.000Z,A2,A2,28.0,No,3.0,26.0,Yes,Yes,18.3,18.3,#ae600c, Orange,,,No,,,,,,,,,,,,,,,,,,,,,,,,,,,,,,,
PLATE_02,L11,SAM_V_0702_A2,Pleurotus ostreatus,High_RH_Old_Contaminated,83.0,PLATE_02_L11.mzML,Vial exudate ,V,02/07/2026,A2,1adbaf60-9206-11f1-9518-87ccf2fafc79,02/07/2026,1adbaf60-9206-11f1-9518-87ccf2fafc79,83046776-8cb4-4298-ae63-fc805f540927,2026-08-29T19:04:24.000Z,2026-08-29T19:04:27.000Z,A2,A2,28.0,No,3.0,26.0,Yes,Yes,18.3,18.3,#ae600c, Orange,,,No,,,,,,,,,,,,,,,,,,,,,,,,,,,,,,,
PLATE_02,L12,SAM_V_0702_A2,Pleurotus ostreatus,High_RH_Old_Contaminated,84.0,PLATE_02_L12.mzML,Vial exudate ,V,02/07/2026,A2,1adbaf60-9206-11f1-9518-87ccf2fafc79,02/07/2026,1adbaf60-9206-11f1-9518-87ccf2fafc79,83046776-8cb4-4298-ae63-fc805f540927,2026-08-29T19:04:24.000Z,2026-08-29T19:04:27.000Z,A2,A2,28.0,No,3.0,26.0,Yes,Yes,18.3,18.3,#ae600c, Orange,,,No,,,,,,,,,,,,,,,,,,,,,,,,,,,,,,,
PLATE_02,L13,SAM_V_0702_A2,Pleurotus ostreatus,High_RH_Old_Contaminated,85.0,PLATE_02_L13.mzML,Vial exudate ,V,02/07/2026,A2,1adbaf60-9206-11f1-9518-87ccf2fafc79,02/07/2026,1adbaf60-9206-11f1-9518-87ccf2fafc79,83046776-8cb4-4298-ae63-fc805f540927,2026-08-29T19:04:24.000Z,2026-08-29T19:04:27.000Z,A2,A2,28.0,No,3.0,26.0,Yes,Yes,18.3,18.3,#ae600c, Orange,,,No,,,,,,,,,,,,,,,,,,,,,,,,,,,,,,,
PLATE_02,L14,SAM_V_0702_A2,Pleurotus ostreatus,High_RH_Old_Contaminated,86.0,PLATE_02_L14.mzML,Vial exudate ,V,02/07/2026,A2,1adbaf60-9206-11f1-9518-87ccf2fafc79,02/07/2026,1adbaf60-9206-11f1-9518-87ccf2fafc79,83046776-8cb4-4298-ae63-fc805f540927,2026-08-29T19:04:24.000Z,2026-08-29T19:04:27.000Z,A2,A2,28.0,No,3.0,26.0,Yes,Yes,18.3,18.3,#ae600c, Orange,,,No,,,,,,,,,,,,,,,,,,,,,,,,,,,,,,,
PLATE_02,L15,SAM_V_0702_A2,Pleurotus ostreatus,High_RH_Old_Contaminated,87.0,PLATE_02_L15.mzML,Vial exudate ,V,02/07/2026,A2,1adbaf60-9206-11f1-9518-87ccf2fafc79,02/07/2026,1adbaf60-9206-11f1-9518-87ccf2fafc79,83046776-8cb4-4298-ae63-fc805f540927,2026-08-29T19:04:24.000Z,2026-08-29T19:04:27.000Z,A2,A2,28.0,No,3.0,26.0,Yes,Yes,18.3,18.3,#ae600c, Orange,,,No,,,,,,,,,,,,,,,,,,,,,,,,,,,,,,,
PLATE_02,L16,SAM_V_0702_A2,Pleurotus ostreatus,High_RH_Old_Contaminated,88.0,PLATE_02_L16.mzML,Vial exudate ,V,02/07/2026,A2,1adbaf60-9206-11f1-9518-87ccf2fafc79,02/07/2026,1adbaf60-9206-11f1-9518-87ccf2fafc79,83046776-8cb4-4298-ae63-fc805f540927,2026-08-29T19:04:24.000Z,2026-08-29T19:04:27.000Z,A2,A2,28.0,No,3.0,26.0,Yes,Yes,18.3,18.3,#ae600c, Orange,,,No,,,,,,,,,,,,,,,,,,,,,,,,,,,,,,,
PLATE_02,L17,SAM_V_0702_A2,Pleurotus ostreatus,High_RH_Old_Contaminated,89.0,PLATE_02_L17.mzML,Vial exudate ,V,02/07/2026,A2,1adbaf60-9206-11f1-9518-87ccf2fafc79,02/07/2026,1adbaf60-9206-11f1-9518-87ccf2fafc79,83046776-8cb4-4298-ae63-fc805f540927,2026-08-29T19:04:24.000Z,2026-08-29T19:04:27.000Z,A2,A2,28.0,No,3.0,26.0,Yes,Yes,18.3,18.3,#ae600c, Orange,,,No,,,,,,,,,,,,,,,,,,,,,,,,,,,,,,,
PLATE_02,L18,SAM_V_0702_A2,Pleurotus ostreatus,High_RH_Old_Contaminated,90.0,PLATE_02_L18.mzML,Vial exudate ,V,02/07/2026,A2,1adbaf60-9206-11f1-9518-87ccf2fafc79,02/07/2026,1adbaf60-9206-11f1-9518-87ccf2fafc79,83046776-8cb4-4298-ae63-fc805f540927,2026-08-29T19:04:24.000Z,2026-08-29T19:04:27.000Z,A2,A2,28.0,No,3.0,26.0,Yes,Yes,18.3,18.3,#ae600c, Orange,,,No,,,,,,,,,,,,,,,,,,,,,,,,,,,,,,,
PLATE_02,L19,SAM_V_0702_A2,Pleurotus ostreatus,High_RH_Old_Contaminated,91.0,PLATE_02_L19.mzML,Vial exudate ,V,02/07/2026,A2,1adbaf60-9206-11f1-9518-87ccf2fafc79,02/07/2026,1adbaf60-9206-11f1-9518-87ccf2fafc79,83046776-8cb4-4298-ae63-fc805f540927,2026-08-29T19:04:24.000Z,2026-08-29T19:04:27.000Z,A2,A2,28.0,No,3.0,26.0,Yes,Yes,18.3,18.3,#ae600c, Orange,,,No,,,,,,,,,,,,,,,,,,,,,,,,,,,,,,,
PLATE_02,L20,SAM_V_0702_A2,Pleurotus ostreatus,High_RH_Old_Contaminated,92.0,PLATE_02_L20.mzML,Vial exudate ,V,02/07/2026,A2,1adbaf60-9206-11f1-9518-87ccf2fafc79,02/07/2026,1adbaf60-9206-11f1-9518-87ccf2fafc79,83046776-8cb4-4298-ae63-fc805f540927,2026-08-29T19:04:24.000Z,2026-08-29T19:04:27.000Z,A2,A2,28.0,No,3.0,26.0,Yes,Yes,18.3,18.3,#ae600c, Orange,,,No,,,,,,,,,,,,,,,,,,,,,,,,,,,,,,,
PLATE_02,L21,SAM_V_0702_A2,Pleurotus ostreatus,High_RH_Old_Contaminated,93.0,PLATE_02_L21.mzML,Vial exudate ,V,02/07/2026,A2,1adbaf60-9206-11f1-9518-87ccf2fafc79,02/07/2026,1adbaf60-9206-11f1-9518-87ccf2fafc79,83046776-8cb4-4298-ae63-fc805f540927,2026-08-29T19:04:24.000Z,2026-08-29T19:04:27.000Z,A2,A2,28.0,No,3.0,26.0,Yes,Yes,18.3,18.3,#ae600c, Orange,,,No,,,,,,,,,,,,,,,,,,,,,,,,,,,,,,,
PLATE_02,L22,SAM_V_0702_A2,Pleurotus ostreatus,High_RH_Old_Contaminated,94.0,PLATE_02_L22.mzML,Vial exudate ,V,02/07/2026,A2,1adbaf60-9206-11f1-9518-87ccf2fafc79,02/07/2026,1adbaf60-9206-11f1-9518-87ccf2fafc79,83046776-8cb4-4298-ae63-fc805f540927,2026-08-29T19:04:24.000Z,2026-08-29T19:04:27.000Z,A2,A2,28.0,No,3.0,26.0,Yes,Yes,18.3,18.3,#ae600c, Orange,,,No,,,,,,,,,,,,,,,,,,,,,,,,,,,,,,,
PLATE_02,L23,SAM_V_0702_A2,Pleurotus ostreatus,High_RH_Old_Contaminated,95.0,PLATE_02_L23.mzML,Vial exudate ,V,02/07/2026,A2,1adbaf60-9206-11f1-9518-87ccf2fafc79,02/07/2026,1adbaf60-9206-11f1-9518-87ccf2fafc79,83046776-8cb4-4298-ae63-fc805f540927,2026-08-29T19:04:24.000Z,2026-08-29T19:04:27.000Z,A2,A2,28.0,No,3.0,26.0,Yes,Yes,18.3,18.3,#ae600c, Orange,,,No,,,,,,,,,,,,,,,,,,,,,,,,,,,,,,,
PLATE_02,L24,SAM_V_0702_A2,Pleurotus ostreatus,High_RH_Old_Contaminated,96.0,PLATE_02_L24.mzML,Vial exudate ,V,02/07/2026,A2,1adbaf60-9206-11f1-9518-87ccf2fafc79,02/07/2026,1adbaf60-9206-11f1-9518-87ccf2fafc79,83046776-8cb4-4298-ae63-fc805f540927,2026-08-29T19:04:24.000Z,2026-08-29T19:04:27.000Z,A2,A2,28.0,No,3.0,26.0,Yes,Yes,18.3,18.3,#ae600c, Orange,,,No,,,,,,,,,,,,,,,,,,,,,,,,,,,,,,,
PLATE_02,M1,SAM_V_0702_A2,Pleurotus ostreatus,High_RH_Old_Contaminated,97.0,PLATE_02_M1.mzML,Vial exudate ,V,02/07/2026,A2,1adbaf60-9206-11f1-9518-87ccf2fafc79,02/07/2026,1adbaf60-9206-11f1-9518-87ccf2fafc79,83046776-8cb4-4298-ae63-fc805f540927,2026-08-29T19:04:24.000Z,2026-08-29T19:04:27.000Z,A2,A2,28.0,No,3.0,26.0,Yes,Yes,18.3,18.3,#ae600c, Orange,,,No,,,,,,,,,,,,,,,,,,,,,,,,,,,,,,,
PLATE_02,M2,SAM_V_0702_A2,Pleurotus ostreatus,High_RH_Old_Contaminated,98.0,PLATE_02_M2.mzML,Vial exudate ,V,02/07/2026,A2,1adbaf60-9206-11f1-9518-87ccf2fafc79,02/07/2026,1adbaf60-9206-11f1-9518-87ccf2fafc79,83046776-8cb4-4298-ae63-fc805f540927,2026-08-29T19:04:24.000Z,2026-08-29T19:04:27.000Z,A2,A2,28.0,No,3.0,26.0,Yes,Yes,18.3,18.3,#ae600c, Orange,,,No,,,,,,,,,,,,,,,,,,,,,,,,,,,,,,,
PLATE_02,M3,SAM_V_0702_A2,Pleurotus ostreatus,High_RH_Old_Contaminated,99.0,PLATE_02_M3.mzML,Vial exudate ,V,02/07/2026,A2,1adbaf60-9206-11f1-9518-87ccf2fafc79,02/07/2026,1adbaf60-9206-11f1-9518-87ccf2fafc79,83046776-8cb4-4298-ae63-fc805f540927,2026-08-29T19:04:24.000Z,2026-08-29T19:04:27.000Z,A2,A2,28.0,No,3.0,26.0,Yes,Yes,18.3,18.3,#ae600c, Orange,,,No,,,,,,,,,,,,,,,,,,,,,,,,,,,,,,,
PLATE_02,M4,SAM_V_0702_A2,Pleurotus ostreatus,High_RH_Old_Contaminated,100.0,PLATE_02_M4.mzML,Vial exudate ,V,02/07/2026,A2,1adbaf60-9206-11f1-9518-87ccf2fafc79,02/07/2026,1adbaf60-9206-11f1-9518-87ccf2fafc79,83046776-8cb4-4298-ae63-fc805f540927,2026-08-29T19:04:24.000Z,2026-08-29T19:04:27.000Z,A2,A2,28.0,No,3.0,26.0,Yes,Yes,18.3,18.3,#ae600c, Orange,,,No,,,,,,,,,,,,,,,,,,,,,,,,,,,,,,,
PLATE_02,M5,SAM_V_0702_A2,Pleurotus ostreatus,High_RH_Old_Contaminated,101.0,PLATE_02_M5.mzML,Vial exudate ,V,02/07/2026,A2,1adbaf60-9206-11f1-9518-87ccf2fafc79,02/07/2026,1adbaf60-9206-11f1-9518-87ccf2fafc79,83046776-8cb4-4298-ae63-fc805f540927,2026-08-29T19:04:24.000Z,2026-08-29T19:04:27.000Z,A2,A2,28.0,No,3.0,26.0,Yes,Yes,18.3,18.3,#ae600c, Orange,,,No,,,,,,,,,,,,,,,,,,,,,,,,,,,,,,,
PLATE_02,M6,SAM_V_0702_A2,Pleurotus ostreatus,High_RH_Old_Contaminated,102.0,PLATE_02_M6.mzML,Vial exudate ,V,02/07/2026,A2,1adbaf60-9206-11f1-9518-87ccf2fafc79,02/07/2026,1adbaf60-9206-11f1-9518-87ccf2fafc79,83046776-8cb4-4298-ae63-fc805f540927,2026-08-29T19:04:24.000Z,2026-08-29T19:04:27.000Z,A2,A2,28.0,No,3.0,26.0,Yes,Yes,18.3,18.3,#ae600c, Orange,,,No,,,,,,,,,,,,,,,,,,,,,,,,,,,,,,,
PLATE_02,M7,SAM_V_0702_A2,Pleurotus ostreatus,High_RH_Old_Contaminated,103.0,PLATE_02_M7.mzML,Vial exudate ,V,02/07/2026,A2,1adbaf60-9206-11f1-9518-87ccf2fafc79,02/07/2026,1adbaf60-9206-11f1-9518-87ccf2fafc79,83046776-8cb4-4298-ae63-fc805f540927,2026-08-29T19:04:24.000Z,2026-08-29T19:04:27.000Z,A2,A2,28.0,No,3.0,26.0,Yes,Yes,18.3,18.3,#ae600c, Orange,,,No,,,,,,,,,,,,,,,,,,,,,,,,,,,,,,,
PLATE_02,M8,SAM_V_0702_A2,Pleurotus ostreatus,High_RH_Old_Contaminated,104.0,PLATE_02_M8.mzML,Vial exudate ,V,02/07/2026,A2,1adbaf60-9206-11f1-9518-87ccf2fafc79,02/07/2026,1adbaf60-9206-11f1-9518-87ccf2fafc79,83046776-8cb4-4298-ae63-fc805f540927,2026-08-29T19:04:24.000Z,2026-08-29T19:04:27.000Z,A2,A2,28.0,No,3.0,26.0,Yes,Yes,18.3,18.3,#ae600c, Orange,,,No,,,,,,,,,,,,,,,,,,,,,,,,,,,,,,,
PLATE_02,M9,SAM_V_0702_A2,Pleurotus ostreatus,High_RH_Old_Contaminated,105.0,PLATE_02_M9.mzML,Vial exudate ,V,02/07/2026,A2,1adbaf60-9206-11f1-9518-87ccf2fafc79,02/07/2026,1adbaf60-9206-11f1-9518-87ccf2fafc79,83046776-8cb4-4298-ae63-fc805f540927,2026-08-29T19:04:24.000Z,2026-08-29T19:04:27.000Z,A2,A2,28.0,No,3.0,26.0,Yes,Yes,18.3,18.3,#ae600c, Orange,,,No,,,,,,,,,,,,,,,,,,,,,,,,,,,,,,,
PLATE_02,M10,SAM_V_0702_A2,Pleurotus ostreatus,High_RH_Old_Contaminated,106.0,PLATE_02_M10.mzML,Vial exudate ,V,02/07/2026,A2,1adbaf60-9206-11f1-9518-87ccf2fafc79,02/07/2026,1adbaf60-9206-11f1-9518-87ccf2fafc79,83046776-8cb4-4298-ae63-fc805f540927,2026-08-29T19:04:24.000Z,2026-08-29T19:04:27.000Z,A2,A2,28.0,No,3.0,26.0,Yes,Yes,18.3,18.3,#ae600c, Orange,,,No,,,,,,,,,,,,,,,,,,,,,,,,,,,,,,,
PLATE_02,M11,SAM_V_0702_A2,Pleurotus ostreatus,High_RH_Old_Contaminated,107.0,PLATE_02_M11.mzML,Vial exudate ,V,02/07/2026,A2,1adbaf60-9206-11f1-9518-87ccf2fafc79,02/07/2026,1adbaf60-9206-11f1-9518-87ccf2fafc79,83046776-8cb4-4298-ae63-fc805f540927,2026-08-29T19:04:24.000Z,2026-08-29T19:04:27.000Z,A2,A2,28.0,No,3.0,26.0,Yes,Yes,18.3,18.3,#ae600c, Orange,,,No,,,,,,,,,,,,,,,,,,,,,,,,,,,,,,,
PLATE_02,M12,SAM_V_0702_A2,Pleurotus ostreatus,High_RH_Old_Contaminated,108.0,PLATE_02_M12.mzML,Vial exudate ,V,02/07/2026,A2,1adbaf60-9206-11f1-9518-87ccf2fafc79,02/07/2026,1adbaf60-9206-11f1-9518-87ccf2fafc79,83046776-8cb4-4298-ae63-fc805f540927,2026-08-29T19:04:24.000Z,2026-08-29T19:04:27.000Z,A2,A2,28.0,No,3.0,26.0,Yes,Yes,18.3,18.3,#ae600c, Orange,,,No,,,,,,,,,,,,,,,,,,,,,,,,,,,,,,,
PLATE_02,M13,SAM_V_0702_A2,Pleurotus ostreatus,High_RH_Old_Contaminated,109.0,PLATE_02_M13.mzML,Vial exudate ,V,02/07/2026,A2,1adbaf60-9206-11f1-9518-87ccf2fafc79,02/07/2026,1adbaf60-9206-11f1-9518-87ccf2fafc79,83046776-8cb4-4298-ae63-fc805f540927,2026-08-29T19:04:24.000Z,2026-08-29T19:04:27.000Z,A2,A2,28.0,No,3.0,26.0,Yes,Yes,18.3,18.3,#ae600c, Orange,,,No,,,,,,,,,,,,,,,,,,,,,,,,,,,,,,,
PLATE_02,M14,SAM_V_0702_A2,Pleurotus ostreatus,High_RH_Old_Contaminated,110.0,PLATE_02_M14.mzML,Vial exudate ,V,02/07/2026,A2,1adbaf60-9206-11f1-9518-87ccf2fafc79,02/07/2026,1adbaf60-9206-11f1-9518-87ccf2fafc79,83046776-8cb4-4298-ae63-fc805f540927,2026-08-29T19:04:24.000Z,2026-08-29T19:04:27.000Z,A2,A2,28.0,No,3.0,26.0,Yes,Yes,18.3,18.3,#ae600c, Orange,,,No,,,,,,,,,,,,,,,,,,,,,,,,,,,,,,,
PLATE_02,M15,SAM_V_0702_A2,Pleurotus ostreatus,High_RH_Old_Contaminated,111.0,PLATE_02_M15.mzML,Vial exudate ,V,02/07/2026,A2,1adbaf60-9206-11f1-9518-87ccf2fafc79,02/07/2026,1adbaf60-9206-11f1-9518-87ccf2fafc79,83046776-8cb4-4298-ae63-fc805f540927,2026-08-29T19:04:24.000Z,2026-08-29T19:04:27.000Z,A2,A2,28.0,No,3.0,26.0,Yes,Yes,18.3,18.3,#ae600c, Orange,,,No,,,,,,,,,,,,,,,,,,,,,,,,,,,,,,,
PLATE_02,M16,SAM_V_0702_A2,Pleurotus ostreatus,High_RH_Old_Contaminated,112.0,PLATE_02_M16.mzML,Vial exudate ,V,02/07/2026,A2,1adbaf60-9206-11f1-9518-87ccf2fafc79,02/07/2026,1adbaf60-9206-11f1-9518-87ccf2fafc79,83046776-8cb4-4298-ae63-fc805f540927,2026-08-29T19:04:24.000Z,2026-08-29T19:04:27.000Z,A2,A2,28.0,No,3.0,26.0,Yes,Yes,18.3,18.3,#ae600c, Orange,,,No,,,,,,,,,,,,,,,,,,,,,,,,,,,,,,,
PLATE_02,M17,SAM_V_0702_A2,Pleurotus ostreatus,High_RH_Old_Contaminated,113.0,PLATE_02_M17.mzML,Vial exudate ,V,02/07/2026,A2,1adbaf60-9206-11f1-9518-87ccf2fafc79,02/07/2026,1adbaf60-9206-11f1-9518-87ccf2fafc79,83046776-8cb4-4298-ae63-fc805f540927,2026-08-29T19:04:24.000Z,2026-08-29T19:04:27.000Z,A2,A2,28.0,No,3.0,26.0,Yes,Yes,18.3,18.3,#ae600c, Orange,,,No,,,,,,,,,,,,,,,,,,,,,,,,,,,,,,,
PLATE_02,M18,SAM_V_0702_A2,Pleurotus ostreatus,High_RH_Old_Contaminated,114.0,PLATE_02_M18.mzML,Vial exudate ,V,02/07/2026,A2,1adbaf60-9206-11f1-9518-87ccf2fafc79,02/07/2026,1adbaf60-9206-11f1-9518-87ccf2fafc79,83046776-8cb4-4298-ae63-fc805f540927,2026-08-29T19:04:24.000Z,2026-08-29T19:04:27.000Z,A2,A2,28.0,No,3.0,26.0,Yes,Yes,18.3,18.3,#ae600c, Orange,,,No,,,,,,,,,,,,,,,,,,,,,,,,,,,,,,,
PLATE_02,M19,SAM_V_0702_A2,Pleurotus ostreatus,High_RH_Old_Contaminated,115.0,PLATE_02_M19.mzML,Vial exudate ,V,02/07/2026,A2,1adbaf60-9206-11f1-9518-87ccf2fafc79,02/07/2026,1adbaf60-9206-11f1-9518-87ccf2fafc79,83046776-8cb4-4298-ae63-fc805f540927,2026-08-29T19:04:24.000Z,2026-08-29T19:04:27.000Z,A2,A2,28.0,No,3.0,26.0,Yes,Yes,18.3,18.3,#ae600c, Orange,,,No,,,,,,,,,,,,,,,,,,,,,,,,,,,,,,,
PLATE_02,M20,SAM_V_0702_A2,Pleurotus ostreatus,High_RH_Old_Contaminated,116.0,PLATE_02_M20.mzML,Vial exudate ,V,02/07/2026,A2,1adbaf60-9206-11f1-9518-87ccf2fafc79,02/07/2026,1adbaf60-9206-11f1-9518-87ccf2fafc79,83046776-8cb4-4298-ae63-fc805f540927,2026-08-29T19:04:24.000Z,2026-08-29T19:04:27.000Z,A2,A2,28.0,No,3.0,26.0,Yes,Yes,18.3,18.3,#ae600c, Orange,,,No,,,,,,,,,,,,,,,,,,,,,,,,,,,,,,,
PLATE_02,M21,SAM_V_0702_A2,Pleurotus ostreatus,High_RH_Old_Contaminated,117.0,PLATE_02_M21.mzML,Vial exudate ,V,02/07/2026,A2,1adbaf60-9206-11f1-9518-87ccf2fafc79,02/07/2026,1adbaf60-9206-11f1-9518-87ccf2fafc79,83046776-8cb4-4298-ae63-fc805f540927,2026-08-29T19:04:24.000Z,2026-08-29T19:04:27.000Z,A2,A2,28.0,No,3.0,26.0,Yes,Yes,18.3,18.3,#ae600c, Orange,,,No,,,,,,,,,,,,,,,,,,,,,,,,,,,,,,,
PLATE_02,M22,SAM_V_0702_A2,Pleurotus ostreatus,High_RH_Old_Contaminated,118.0,PLATE_02_M22.mzML,Vial exudate ,V,02/07/2026,A2,1adbaf60-9206-11f1-9518-87ccf2fafc79,02/07/2026,1adbaf60-9206-11f1-9518-87ccf2fafc79,83046776-8cb4-4298-ae63-fc805f540927,2026-08-29T19:04:24.000Z,2026-08-29T19:04:27.000Z,A2,A2,28.0,No,3.0,26.0,Yes,Yes,18.3,18.3,#ae600c, Orange,,,No,,,,,,,,,,,,,,,,,,,,,,,,,,,,,,,
PLATE_02,M23,SAM_V_0702_A2,Pleurotus ostreatus,High_RH_Old_Contaminated,119.0,PLATE_02_M23.mzML,Vial exudate ,V,02/07/2026,A2,1adbaf60-9206-11f1-9518-87ccf2fafc79,02/07/2026,1adbaf60-9206-11f1-9518-87ccf2fafc79,83046776-8cb4-4298-ae63-fc805f540927,2026-08-29T19:04:24.000Z,2026-08-29T19:04:27.000Z,A2,A2,28.0,No,3.0,26.0,Yes,Yes,18.3,18.3,#ae600c, Orange,,,No,,,,,,,,,,,,,,,,,,,,,,,,,,,,,,,
PLATE_02,M24,SAM_V_0702_A2,Pleurotus ostreatus,High_RH_Old_Contaminated,120.0,PLATE_02_M24.mzML,Vial exudate ,V,02/07/2026,A2,1adbaf60-9206-11f1-9518-87ccf2fafc79,02/07/2026,1adbaf60-9206-11f1-9518-87ccf2fafc79,83046776-8cb4-4298-ae63-fc805f540927,2026-08-29T19:04:24.000Z,2026-08-29T19:04:27.000Z,A2,A2,28.0,No,3.0,26.0,Yes,Yes,18.3,18.3,#ae600c, Orange,,,No,,,,,,,,,,,,,,,,,,,,,,,,,,,,,,,
PLATE_02,N1,SAM_V_0702_A2,Pleurotus ostreatus,High_RH_Old_Contaminated,121.0,PLATE_02_N1.mzML,Vial exudate ,V,02/07/2026,A2,1adbaf60-9206-11f1-9518-87ccf2fafc79,02/07/2026,1adbaf60-9206-11f1-9518-87ccf2fafc79,83046776-8cb4-4298-ae63-fc805f540927,2026-08-29T19:04:24.000Z,2026-08-29T19:04:27.000Z,A2,A2,28.0,No,3.0,26.0,Yes,Yes,18.3,18.3,#ae600c, Orange,,,No,,,,,,,,,,,,,,,,,,,,,,,,,,,,,,,
PLATE_02,N2,SAM_V_0702_A2,Pleurotus ostreatus,High_RH_Old_Contaminated,122.0,PLATE_02_N2.mzML,Vial exudate ,V,02/07/2026,A2,1adbaf60-9206-11f1-9518-87ccf2fafc79,02/07/2026,1adbaf60-9206-11f1-9518-87ccf2fafc79,83046776-8cb4-4298-ae63-fc805f540927,2026-08-29T19:04:24.000Z,2026-08-29T19:04:27.000Z,A2,A2,28.0,No,3.0,26.0,Yes,Yes,18.3,18.3,#ae600c, Orange,,,No,,,,,,,,,,,,,,,,,,,,,,,,,,,,,,,
PLATE_02,N3,SAM_V_0702_A2,Pleurotus ostreatus,High_RH_Old_Contaminated,123.0,PLATE_02_N3.mzML,Vial exudate ,V,02/07/2026,A2,1adbaf60-9206-11f1-9518-87ccf2fafc79,02/07/2026,1adbaf60-9206-11f1-9518-87ccf2fafc79,83046776-8cb4-4298-ae63-fc805f540927,2026-08-29T19:04:24.000Z,2026-08-29T19:04:27.000Z,A2,A2,28.0,No,3.0,26.0,Yes,Yes,18.3,18.3,#ae600c, Orange,,,No,,,,,,,,,,,,,,,,,,,,,,,,,,,,,,,
PLATE_02,N4,SAM_V_0702_A2,Pleurotus ostreatus,High_RH_Old_Contaminated,124.0,PLATE_02_N4.mzML,Vial exudate ,V,02/07/2026,A2,1adbaf60-9206-11f1-9518-87ccf2fafc79,02/07/2026,1adbaf60-9206-11f1-9518-87ccf2fafc79,83046776-8cb4-4298-ae63-fc805f540927,2026-08-29T19:04:24.000Z,2026-08-29T19:04:27.000Z,A2,A2,28.0,No,3.0,26.0,Yes,Yes,18.3,18.3,#ae600c, Orange,,,No,,,,,,,,,,,,,,,,,,,,,,,,,,,,,,,
PLATE_02,N5,SAM_V_0702_A2,Pleurotus ostreatus,High_RH_Old_Contaminated,125.0,PLATE_02_N5.mzML,Vial exudate ,V,02/07/2026,A2,1adbaf60-9206-11f1-9518-87ccf2fafc79,02/07/2026,1adbaf60-9206-11f1-9518-87ccf2fafc79,83046776-8cb4-4298-ae63-fc805f540927,2026-08-29T19:04:24.000Z,2026-08-29T19:04:27.000Z,A2,A2,28.0,No,3.0,26.0,Yes,Yes,18.3,18.3,#ae600c, Orange,,,No,,,,,,,,,,,,,,,,,,,,,,,,,,,,,,,
PLATE_02,N6,SAM_V_0702_A2,Pleurotus ostreatus,High_RH_Old_Contaminated,126.0,PLATE_02_N6.mzML,Vial exudate ,V,02/07/2026,A2,1adbaf60-9206-11f1-9518-87ccf2fafc79,02/07/2026,1adbaf60-9206-11f1-9518-87ccf2fafc79,83046776-8cb4-4298-ae63-fc805f540927,2026-08-29T19:04:24.000Z,2026-08-29T19:04:27.000Z,A2,A2,28.0,No,3.0,26.0,Yes,Yes,18.3,18.3,#ae600c, Orange,,,No,,,,,,,,,,,,,,,,,,,,,,,,,,,,,,,
PLATE_02,N7,SAM_V_0702_A2,Pleurotus ostreatus,High_RH_Old_Contaminated,127.0,PLATE_02_N7.mzML,Vial exudate ,V,02/07/2026,A2,1adbaf60-9206-11f1-9518-87ccf2fafc79,02/07/2026,1adbaf60-9206-11f1-9518-87ccf2fafc79,83046776-8cb4-4298-ae63-fc805f540927,2026-08-29T19:04:24.000Z,2026-08-29T19:04:27.000Z,A2,A2,28.0,No,3.0,26.0,Yes,Yes,18.3,18.3,#ae600c, Orange,,,No,,,,,,,,,,,,,,,,,,,,,,,,,,,,,,,
PLATE_02,N8,SAM_V_0702_A2,Pleurotus ostreatus,High_RH_Old_Contaminated,128.0,PLATE_02_N8.mzML,Vial exudate ,V,02/07/2026,A2,1adbaf60-9206-11f1-9518-87ccf2fafc79,02/07/2026,1adbaf60-9206-11f1-9518-87ccf2fafc79,83046776-8cb4-4298-ae63-fc805f540927,2026-08-29T19:04:24.000Z,2026-08-29T19:04:27.000Z,A2,A2,28.0,No,3.0,26.0,Yes,Yes,18.3,18.3,#ae600c, Orange,,,No,,,,,,,,,,,,,,,,,,,,,,,,,,,,,,,
PLATE_02,N9,SAM_V_0702_A2,Pleurotus ostreatus,High_RH_Old_Contaminated,129.0,PLATE_02_N9.mzML,Vial exudate ,V,02/07/2026,A2,1adbaf60-9206-11f1-9518-87ccf2fafc79,02/07/2026,1adbaf60-9206-11f1-9518-87ccf2fafc79,83046776-8cb4-4298-ae63-fc805f540927,2026-08-29T19:04:24.000Z,2026-08-29T19:04:27.000Z,A2,A2,28.0,No,3.0,26.0,Yes,Yes,18.3,18.3,#ae600c, Orange,,,No,,,,,,,,,,,,,,,,,,,,,,,,,,,,,,,
PLATE_02,N10,SAM_V_0702_A2,Pleurotus ostreatus,High_RH_Old_Contaminated,130.0,PLATE_02_N10.mzML,Vial exudate ,V,02/07/2026,A2,1adbaf60-9206-11f1-9518-87ccf2fafc79,02/07/2026,1adbaf60-9206-11f1-9518-87ccf2fafc79,83046776-8cb4-4298-ae63-fc805f540927,2026-08-29T19:04:24.000Z,2026-08-29T19:04:27.000Z,A2,A2,28.0,No,3.0,26.0,Yes,Yes,18.3,18.3,#ae600c, Orange,,,No,,,,,,,,,,,,,,,,,,,,,,,,,,,,,,,
PLATE_02,N11,SAM_V_0702_A2,Pleurotus ostreatus,High_RH_Old_Contaminated,131.0,PLATE_02_N11.mzML,Vial exudate ,V,02/07/2026,A2,1adbaf60-9206-11f1-9518-87ccf2fafc79,02/07/2026,1adbaf60-9206-11f1-9518-87ccf2fafc79,83046776-8cb4-4298-ae63-fc805f540927,2026-08-29T19:04:24.000Z,2026-08-29T19:04:27.000Z,A2,A2,28.0,No,3.0,26.0,Yes,Yes,18.3,18.3,#ae600c, Orange,,,No,,,,,,,,,,,,,,,,,,,,,,,,,,,,,,,
PLATE_02,N12,SAM_V_0702_A2,Pleurotus ostreatus,High_RH_Old_Contaminated,132.0,PLATE_02_N12.mzML,Vial exudate ,V,02/07/2026,A2,1adbaf60-9206-11f1-9518-87ccf2fafc79,02/07/2026,1adbaf60-9206-11f1-9518-87ccf2fafc79,83046776-8cb4-4298-ae63-fc805f540927,2026-08-29T19:04:24.000Z,2026-08-29T19:04:27.000Z,A2,A2,28.0,No,3.0,26.0,Yes,Yes,18.3,18.3,#ae600c, Orange,,,No,,,,,,,,,,,,,,,,,,,,,,,,,,,,,,,
PLATE_02,N13,SAM_V_0702_A2,Pleurotus ostreatus,High_RH_Old_Contaminated,133.0,PLATE_02_N13.mzML,Vial exudate ,V,02/07/2026,A2,1adbaf60-9206-11f1-9518-87ccf2fafc79,02/07/2026,1adbaf60-9206-11f1-9518-87ccf2fafc79,83046776-8cb4-4298-ae63-fc805f540927,2026-08-29T19:04:24.000Z,2026-08-29T19:04:27.000Z,A2,A2,28.0,No,3.0,26.0,Yes,Yes,18.3,18.3,#ae600c, Orange,,,No,,,,,,,,,,,,,,,,,,,,,,,,,,,,,,,
PLATE_02,N14,SAM_V_0702_A2,Pleurotus ostreatus,High_RH_Old_Contaminated,134.0,PLATE_02_N14.mzML,Vial exudate ,V,02/07/2026,A2,1adbaf60-9206-11f1-9518-87ccf2fafc79,02/07/2026,1adbaf60-9206-11f1-9518-87ccf2fafc79,83046776-8cb4-4298-ae63-fc805f540927,2026-08-29T19:04:24.000Z,2026-08-29T19:04:27.000Z,A2,A2,28.0,No,3.0,26.0,Yes,Yes,18.3,18.3,#ae600c, Orange,,,No,,,,,,,,,,,,,,,,,,,,,,,,,,,,,,,
PLATE_02,N15,SAM_V_0702_A2,Pleurotus ostreatus,High_RH_Old_Contaminated,135.0,PLATE_02_N15.mzML,Vial exudate ,V,02/07/2026,A2,1adbaf60-9206-11f1-9518-87ccf2fafc79,02/07/2026,1adbaf60-9206-11f1-9518-87ccf2fafc79,83046776-8cb4-4298-ae63-fc805f540927,2026-08-29T19:04:24.000Z,2026-08-29T19:04:27.000Z,A2,A2,28.0,No,3.0,26.0,Yes,Yes,18.3,18.3,#ae600c, Orange,,,No,,,,,,,,,,,,,,,,,,,,,,,,,,,,,,,
PLATE_02,N16,SAM_V_0702_A2,Pleurotus ostreatus,High_RH_Old_Contaminated,136.0,PLATE_02_N16.mzML,Vial exudate ,V,02/07/2026,A2,1adbaf60-9206-11f1-9518-87ccf2fafc79,02/07/2026,1adbaf60-9206-11f1-9518-87ccf2fafc79,83046776-8cb4-4298-ae63-fc805f540927,2026-08-29T19:04:24.000Z,2026-08-29T19:04:27.000Z,A2,A2,28.0,No,3.0,26.0,Yes,Yes,18.3,18.3,#ae600c, Orange,,,No,,,,,,,,,,,,,,,,,,,,,,,,,,,,,,,
PLATE_02,N17,SAM_V_0702_A2,Pleurotus ostreatus,High_RH_Old_Contaminated,137.0,PLATE_02_N17.mzML,Vial exudate ,V,02/07/2026,A2,1adbaf60-9206-11f1-9518-87ccf2fafc79,02/07/2026,1adbaf60-9206-11f1-9518-87ccf2fafc79,83046776-8cb4-4298-ae63-fc805f540927,2026-08-29T19:04:24.000Z,2026-08-29T19:04:27.000Z,A2,A2,28.0,No,3.0,26.0,Yes,Yes,18.3,18.3,#ae600c, Orange,,,No,,,,,,,,,,,,,,,,,,,,,,,,,,,,,,,
PLATE_02,N18,SAM_V_0702_A2,Pleurotus ostreatus,High_RH_Old_Contaminated,138.0,PLATE_02_N18.mzML,Vial exudate ,V,02/07/2026,A2,1adbaf60-9206-11f1-9518-87ccf2fafc79,02/07/2026,1adbaf60-9206-11f1-9518-87ccf2fafc79,83046776-8cb4-4298-ae63-fc805f540927,2026-08-29T19:04:24.000Z,2026-08-29T19:04:27.000Z,A2,A2,28.0,No,3.0,26.0,Yes,Yes,18.3,18.3,#ae600c, Orange,,,No,,,,,,,,,,,,,,,,,,,,,,,,,,,,,,,
PLATE_02,N19,SAM_V_0702_A2,Pleurotus ostreatus,High_RH_Old_Contaminated,139.0,PLATE_02_N19.mzML,Vial exudate ,V,02/07/2026,A2,1adbaf60-9206-11f1-9518-87ccf2fafc79,02/07/2026,1adbaf60-9206-11f1-9518-87ccf2fafc79,83046776-8cb4-4298-ae63-fc805f540927,2026-08-29T19:04:24.000Z,2026-08-29T19:04:27.000Z,A2,A2,28.0,No,3.0,26.0,Yes,Yes,18.3,18.3,#ae600c, Orange,,,No,,,,,,,,,,,,,,,,,,,,,,,,,,,,,,,
PLATE_02,N20,SAM_V_0702_A2,Pleurotus ostreatus,High_RH_Old_Contaminated,140.0,PLATE_02_N20.mzML,Vial exudate ,V,02/07/2026,A2,1adbaf60-9206-11f1-9518-87ccf2fafc79,02/07/2026,1adbaf60-9206-11f1-9518-87ccf2fafc79,83046776-8cb4-4298-ae63-fc805f540927,2026-08-29T19:04:24.000Z,2026-08-29T19:04:27.000Z,A2,A2,28.0,No,3.0,26.0,Yes,Yes,18.3,18.3,#ae600c, Orange,,,No,,,,,,,,,,,,,,,,,,,,,,,,,,,,,,,
PLATE_02,N21,SAM_V_0702_A2,Pleurotus ostreatus,High_RH_Old_Contaminated,141.0,PLATE_02_N21.mzML,Vial exudate ,V,02/07/2026,A2,1adbaf60-9206-11f1-9518-87ccf2fafc79,02/07/2026,1adbaf60-9206-11f1-9518-87ccf2fafc79,83046776-8cb4-4298-ae63-fc805f540927,2026-08-29T19:04:24.000Z,2026-08-29T19:04:27.000Z,A2,A2,28.0,No,3.0,26.0,Yes,Yes,18.3,18.3,#ae600c, Orange,,,No,,,,,,,,,,,,,,,,,,,,,,,,,,,,,,,
PLATE_02,N22,SAM_V_0702_A2,Pleurotus ostreatus,High_RH_Old_Contaminated,142.0,PLATE_02_N22.mzML,Vial exudate ,V,02/07/2026,A2,1adbaf60-9206-11f1-9518-87ccf2fafc79,02/07/2026,1adbaf60-9206-11f1-9518-87ccf2fafc79,83046776-8cb4-4298-ae63-fc805f540927,2026-08-29T19:04:24.000Z,2026-08-29T19:04:27.000Z,A2,A2,28.0,No,3.0,26.0,Yes,Yes,18.3,18.3,#ae600c, Orange,,,No,,,,,,,,,,,,,,,,,,,,,,,,,,,,,,,
PLATE_02,N23,SAM_V_0702_A2,Pleurotus ostreatus,High_RH_Old_Contaminated,143.0,PLATE_02_N23.mzML,Vial exudate ,V,02/07/2026,A2,1adbaf60-9206-11f1-9518-87ccf2fafc79,02/07/2026,1adbaf60-9206-11f1-9518-87ccf2fafc79,83046776-8cb4-4298-ae63-fc805f540927,2026-08-29T19:04:24.000Z,2026-08-29T19:04:27.000Z,A2,A2,28.0,No,3.0,26.0,Yes,Yes,18.3,18.3,#ae600c, Orange,,,No,,,,,,,,,,,,,,,,,,,,,,,,,,,,,,,
PLATE_02,N24,SAM_V_0702_A2,Pleurotus ostreatus,High_RH_Old_Contaminated,144.0,PLATE_02_N24.mzML,Vial exudate ,V,02/07/2026,A2,1adbaf60-9206-11f1-9518-87ccf2fafc79,02/07/2026,1adbaf60-9206-11f1-9518-87ccf2fafc79,83046776-8cb4-4298-ae63-fc805f540927,2026-08-29T19:04:24.000Z,2026-08-29T19:04:27.000Z,A2,A2,28.0,No,3.0,26.0,Yes,Yes,18.3,18.3,#ae600c, Orange,,,No,,,,,,,,,,,,,,,,,,,,,,,,,,,,,,,
PLATE_02,O1,SAM_V_0702_A2,Pleurotus ostreatus,High_RH_Old_Contaminated,145.0,PLATE_02_O1.mzML,Vial exudate ,V,02/07/2026,A2,1adbaf60-9206-11f1-9518-87ccf2fafc79,02/07/2026,1adbaf60-9206-11f1-9518-87ccf2fafc79,83046776-8cb4-4298-ae63-fc805f540927,2026-08-29T19:04:24.000Z,2026-08-29T19:04:27.000Z,A2,A2,28.0,No,3.0,26.0,Yes,Yes,18.3,18.3,#ae600c, Orange,,,No,,,,,,,,,,,,,,,,,,,,,,,,,,,,,,,
PLATE_02,O2,SAM_V_0702_A2,Pleurotus ostreatus,High_RH_Old_Contaminated,146.0,PLATE_02_O2.mzML,Vial exudate ,V,02/07/2026,A2,1adbaf60-9206-11f1-9518-87ccf2fafc79,02/07/2026,1adbaf60-9206-11f1-9518-87ccf2fafc79,83046776-8cb4-4298-ae63-fc805f540927,2026-08-29T19:04:24.000Z,2026-08-29T19:04:27.000Z,A2,A2,28.0,No,3.0,26.0,Yes,Yes,18.3,18.3,#ae600c, Orange,,,No,,,,,,,,,,,,,,,,,,,,,,,,,,,,,,,
PLATE_02,O3,SAM_V_0702_A2,Pleurotus ostreatus,High_RH_Old_Contaminated,147.0,PLATE_02_O3.mzML,Vial exudate ,V,02/07/2026,A2,1adbaf60-9206-11f1-9518-87ccf2fafc79,02/07/2026,1adbaf60-9206-11f1-9518-87ccf2fafc79,83046776-8cb4-4298-ae63-fc805f540927,2026-08-29T19:04:24.000Z,2026-08-29T19:04:27.000Z,A2,A2,28.0,No,3.0,26.0,Yes,Yes,18.3,18.3,#ae600c, Orange,,,No,,,,,,,,,,,,,,,,,,,,,,,,,,,,,,,
PLATE_02,O4,SAM_V_0702_A2,Pleurotus ostreatus,High_RH_Old_Contaminated,148.0,PLATE_02_O4.mzML,Vial exudate ,V,02/07/2026,A2,1adbaf60-9206-11f1-9518-87ccf2fafc79,02/07/2026,1adbaf60-9206-11f1-9518-87ccf2fafc79,83046776-8cb4-4298-ae63-fc805f540927,2026-08-29T19:04:24.000Z,2026-08-29T19:04:27.000Z,A2,A2,28.0,No,3.0,26.0,Yes,Yes,18.3,18.3,#ae600c, Orange,,,No,,,,,,,,,,,,,,,,,,,,,,,,,,,,,,,
PLATE_02,O5,SAM_V_0702_A2,Pleurotus ostreatus,High_RH_Old_Contaminated,149.0,PLATE_02_O5.mzML,Vial exudate ,V,02/07/2026,A2,1adbaf60-9206-11f1-9518-87ccf2fafc79,02/07/2026,1adbaf60-9206-11f1-9518-87ccf2fafc79,83046776-8cb4-4298-ae63-fc805f540927,2026-08-29T19:04:24.000Z,2026-08-29T19:04:27.000Z,A2,A2,28.0,No,3.0,26.0,Yes,Yes,18.3,18.3,#ae600c, Orange,,,No,,,,,,,,,,,,,,,,,,,,,,,,,,,,,,,
PLATE_02,O6,SAM_V_0702_A2,Pleurotus ostreatus,High_RH_Old_Contaminated,150.0,PLATE_02_O6.mzML,Vial exudate ,V,02/07/2026,A2,1adbaf60-9206-11f1-9518-87ccf2fafc79,02/07/2026,1adbaf60-9206-11f1-9518-87ccf2fafc79,83046776-8cb4-4298-ae63-fc805f540927,2026-08-29T19:04:24.000Z,2026-08-29T19:04:27.000Z,A2,A2,28.0,No,3.0,26.0,Yes,Yes,18.3,18.3,#ae600c, Orange,,,No,,,,,,,,,,,,,,,,,,,,,,,,,,,,,,,
PLATE_02,O7,SAM_V_0702_A2,Pleurotus ostreatus,High_RH_Old_Contaminated,151.0,PLATE_02_O7.mzML,Vial exudate ,V,02/07/2026,A2,1adbaf60-9206-11f1-9518-87ccf2fafc79,02/07/2026,1adbaf60-9206-11f1-9518-87ccf2fafc79,83046776-8cb4-4298-ae63-fc805f540927,2026-08-29T19:04:24.000Z,2026-08-29T19:04:27.000Z,A2,A2,28.0,No,3.0,26.0,Yes,Yes,18.3,18.3,#ae600c, Orange,,,No,,,,,,,,,,,,,,,,,,,,,,,,,,,,,,,
PLATE_02,O8,SAM_V_0702_A2,Pleurotus ostreatus,High_RH_Old_Contaminated,152.0,PLATE_02_O8.mzML,Vial exudate ,V,02/07/2026,A2,1adbaf60-9206-11f1-9518-87ccf2fafc79,02/07/2026,1adbaf60-9206-11f1-9518-87ccf2fafc79,83046776-8cb4-4298-ae63-fc805f540927,2026-08-29T19:04:24.000Z,2026-08-29T19:04:27.000Z,A2,A2,28.0,No,3.0,26.0,Yes,Yes,18.3,18.3,#ae600c, Orange,,,No,,,,,,,,,,,,,,,,,,,,,,,,,,,,,,,
PLATE_02,O9,SAM_V_0702_A2,Pleurotus ostreatus,High_RH_Old_Contaminated,153.0,PLATE_02_O9.mzML,Vial exudate ,V,02/07/2026,A2,1adbaf60-9206-11f1-9518-87ccf2fafc79,02/07/2026,1adbaf60-9206-11f1-9518-87ccf2fafc79,83046776-8cb4-4298-ae63-fc805f540927,2026-08-29T19:04:24.000Z,2026-08-29T19:04:27.000Z,A2,A2,28.0,No,3.0,26.0,Yes,Yes,18.3,18.3,#ae600c, Orange,,,No,,,,,,,,,,,,,,,,,,,,,,,,,,,,,,,
PLATE_02,O10,SAM_V_0702_A2,Pleurotus ostreatus,High_RH_Old_Contaminated,154.0,PLATE_02_O10.mzML,Vial exudate ,V,02/07/2026,A2,1adbaf60-9206-11f1-9518-87ccf2fafc79,02/07/2026,1adbaf60-9206-11f1-9518-87ccf2fafc79,83046776-8cb4-4298-ae63-fc805f540927,2026-08-29T19:04:24.000Z,2026-08-29T19:04:27.000Z,A2,A2,28.0,No,3.0,26.0,Yes,Yes,18.3,18.3,#ae600c, Orange,,,No,,,,,,,,,,,,,,,,,,,,,,,,,,,,,,,
PLATE_02,O11,SAM_V_0702_A2,Pleurotus ostreatus,High_RH_Old_Contaminated,155.0,PLATE_02_O11.mzML,Vial exudate ,V,02/07/2026,A2,1adbaf60-9206-11f1-9518-87ccf2fafc79,02/07/2026,1adbaf60-9206-11f1-9518-87ccf2fafc79,83046776-8cb4-4298-ae63-fc805f540927,2026-08-29T19:04:24.000Z,2026-08-29T19:04:27.000Z,A2,A2,28.0,No,3.0,26.0,Yes,Yes,18.3,18.3,#ae600c, Orange,,,No,,,,,,,,,,,,,,,,,,,,,,,,,,,,,,,
PLATE_02,O12,SAM_V_0702_A2,Pleurotus ostreatus,High_RH_Old_Contaminated,156.0,PLATE_02_O12.mzML,Vial exudate ,V,02/07/2026,A2,1adbaf60-9206-11f1-9518-87ccf2fafc79,02/07/2026,1adbaf60-9206-11f1-9518-87ccf2fafc79,83046776-8cb4-4298-ae63-fc805f540927,2026-08-29T19:04:24.000Z,2026-08-29T19:04:27.000Z,A2,A2,28.0,No,3.0,26.0,Yes,Yes,18.3,18.3,#ae600c, Orange,,,No,,,,,,,,,,,,,,,,,,,,,,,,,,,,,,,
PLATE_02,O13,SAM_V_0702_A2,Pleurotus ostreatus,High_RH_Old_Contaminated,157.0,PLATE_02_O13.mzML,Vial exudate ,V,02/07/2026,A2,1adbaf60-9206-11f1-9518-87ccf2fafc79,02/07/2026,1adbaf60-9206-11f1-9518-87ccf2fafc79,83046776-8cb4-4298-ae63-fc805f540927,2026-08-29T19:04:24.000Z,2026-08-29T19:04:27.000Z,A2,A2,28.0,No,3.0,26.0,Yes,Yes,18.3,18.3,#ae600c, Orange,,,No,,,,,,,,,,,,,,,,,,,,,,,,,,,,,,,
PLATE_02,O14,SAM_V_0702_A2,Pleurotus ostreatus,High_RH_Old_Contaminated,158.0,PLATE_02_O14.mzML,Vial exudate ,V,02/07/2026,A2,1adbaf60-9206-11f1-9518-87ccf2fafc79,02/07/2026,1adbaf60-9206-11f1-9518-87ccf2fafc79,83046776-8cb4-4298-ae63-fc805f540927,2026-08-29T19:04:24.000Z,2026-08-29T19:04:27.000Z,A2,A2,28.0,No,3.0,26.0,Yes,Yes,18.3,18.3,#ae600c, Orange,,,No,,,,,,,,,,,,,,,,,,,,,,,,,,,,,,,
PLATE_02,O15,SAM_V_0702_A2,Pleurotus ostreatus,High_RH_Old_Contaminated,159.0,PLATE_02_O15.mzML,Vial exudate ,V,02/07/2026,A2,1adbaf60-9206-11f1-9518-87ccf2fafc79,02/07/2026,1adbaf60-9206-11f1-9518-87ccf2fafc79,83046776-8cb4-4298-ae63-fc805f540927,2026-08-29T19:04:24.000Z,2026-08-29T19:04:27.000Z,A2,A2,28.0,No,3.0,26.0,Yes,Yes,18.3,18.3,#ae600c, Orange,,,No,,,,,,,,,,,,,,,,,,,,,,,,,,,,,,,
PLATE_02,O16,SAM_V_0702_A2,Pleurotus ostreatus,High_RH_Old_Contaminated,160.0,PLATE_02_O16.mzML,Vial exudate ,V,02/07/2026,A2,1adbaf60-9206-11f1-9518-87ccf2fafc79,02/07/2026,1adbaf60-9206-11f1-9518-87ccf2fafc79,83046776-8cb4-4298-ae63-fc805f540927,2026-08-29T19:04:24.000Z,2026-08-29T19:04:27.000Z,A2,A2,28.0,No,3.0,26.0,Yes,Yes,18.3,18.3,#ae600c, Orange,,,No,,,,,,,,,,,,,,,,,,,,,,,,,,,,,,,
PLATE_02,O17,SAM_V_0702_A2,Pleurotus ostreatus,High_RH_Old_Contaminated,161.0,PLATE_02_O17.mzML,Vial exudate ,V,02/07/2026,A2,1adbaf60-9206-11f1-9518-87ccf2fafc79,02/07/2026,1adbaf60-9206-11f1-9518-87ccf2fafc79,83046776-8cb4-4298-ae63-fc805f540927,2026-08-29T19:04:24.000Z,2026-08-29T19:04:27.000Z,A2,A2,28.0,No,3.0,26.0,Yes,Yes,18.3,18.3,#ae600c, Orange,,,No,,,,,,,,,,,,,,,,,,,,,,,,,,,,,,,
PLATE_02,O18,SAM_V_0702_A2,Pleurotus ostreatus,High_RH_Old_Contaminated,162.0,PLATE_02_O18.mzML,Vial exudate ,V,02/07/2026,A2,1adbaf60-9206-11f1-9518-87ccf2fafc79,02/07/2026,1adbaf60-9206-11f1-9518-87ccf2fafc79,83046776-8cb4-4298-ae63-fc805f540927,2026-08-29T19:04:24.000Z,2026-08-29T19:04:27.000Z,A2,A2,28.0,No,3.0,26.0,Yes,Yes,18.3,18.3,#ae600c, Orange,,,No,,,,,,,,,,,,,,,,,,,,,,,,,,,,,,,
PLATE_02,O19,SAM_V_0702_A2,Pleurotus ostreatus,High_RH_Old_Contaminated,163.0,PLATE_02_O19.mzML,Vial exudate ,V,02/07/2026,A2,1adbaf60-9206-11f1-9518-87ccf2fafc79,02/07/2026,1adbaf60-9206-11f1-9518-87ccf2fafc79,83046776-8cb4-4298-ae63-fc805f540927,2026-08-29T19:04:24.000Z,2026-08-29T19:04:27.000Z,A2,A2,28.0,No,3.0,26.0,Yes,Yes,18.3,18.3,#ae600c, Orange,,,No,,,,,,,,,,,,,,,,,,,,,,,,,,,,,,,
PLATE_02,O20,SAM_V_0702_A2,Pleurotus ostreatus,High_RH_Old_Contaminated,164.0,PLATE_02_O20.mzML,Vial exudate ,V,02/07/2026,A2,1adbaf60-9206-11f1-9518-87ccf2fafc79,02/07/2026,1adbaf60-9206-11f1-9518-87ccf2fafc79,83046776-8cb4-4298-ae63-fc805f540927,2026-08-29T19:04:24.000Z,2026-08-29T19:04:27.000Z,A2,A2,28.0,No,3.0,26.0,Yes,Yes,18.3,18.3,#ae600c, Orange,,,No,,,,,,,,,,,,,,,,,,,,,,,,,,,,,,,
PLATE_02,O21,SAM_V_0702_A2,Pleurotus ostreatus,High_RH_Old_Contaminated,165.0,PLATE_02_O21.mzML,Vial exudate ,V,02/07/2026,A2,1adbaf60-9206-11f1-9518-87ccf2fafc79,02/07/2026,1adbaf60-9206-11f1-9518-87ccf2fafc79,83046776-8cb4-4298-ae63-fc805f540927,2026-08-29T19:04:24.000Z,2026-08-29T19:04:27.000Z,A2,A2,28.0,No,3.0,26.0,Yes,Yes,18.3,18.3,#ae600c, Orange,,,No,,,,,,,,,,,,,,,,,,,,,,,,,,,,,,,
PLATE_02,O22,SAM_V_0702_A2,Pleurotus ostreatus,High_RH_Old_Contaminated,166.0,PLATE_02_O22.mzML,Vial exudate ,V,02/07/2026,A2,1adbaf60-9206-11f1-9518-87ccf2fafc79,02/07/2026,1adbaf60-9206-11f1-9518-87ccf2fafc79,83046776-8cb4-4298-ae63-fc805f540927,2026-08-29T19:04:24.000Z,2026-08-29T19:04:27.000Z,A2,A2,28.0,No,3.0,26.0,Yes,Yes,18.3,18.3,#ae600c, Orange,,,No,,,,,,,,,,,,,,,,,,,,,,,,,,,,,,,
PLATE_02,O23,SAM_V_0702_A2,Pleurotus ostreatus,High_RH_Old_Contaminated,167.0,PLATE_02_O23.mzML,Vial exudate ,V,02/07/2026,A2,1adbaf60-9206-11f1-9518-87ccf2fafc79,02/07/2026,1adbaf60-9206-11f1-9518-87ccf2fafc79,83046776-8cb4-4298-ae63-fc805f540927,2026-08-29T19:04:24.000Z,2026-08-29T19:04:27.000Z,A2,A2,28.0,No,3.0,26.0,Yes,Yes,18.3,18.3,#ae600c, Orange,,,No,,,,,,,,,,,,,,,,,,,,,,,,,,,,,,,
PLATE_02,O24,SAM_V_0702_A2,Pleurotus ostreatus,High_RH_Old_Contaminated,168.0,PLATE_02_O24.mzML,Vial exudate ,V,02/07/2026,A2,1adbaf60-9206-11f1-9518-87ccf2fafc79,02/07/2026,1adbaf60-9206-11f1-9518-87ccf2fafc79,83046776-8cb4-4298-ae63-fc805f540927,2026-08-29T19:04:24.000Z,2026-08-29T19:04:27.000Z,A2,A2,28.0,No,3.0,26.0,Yes,Yes,18.3,18.3,#ae600c, Orange,,,No,,,,,,,,,,,,,,,,,,,,,,,,,,,,,,,
PLATE_02,P1,SAM_D1_0702_A2,Pleurotus ostreatus,High_RH_Old_Contaminated,1.0,PLATE_02_P1.mzML,,D1,02/07/2026,A2,1adbaf60-9206-11f1-9518-87ccf2fafc79,02/07/2026,1adbaf60-9206-11f1-9518-87ccf2fafc79,83046776-8cb4-4298-ae63-fc805f540927,2026-08-29T19:04:24.000Z,2026-08-29T19:04:27.000Z,A2,A2,28.0,No,3.0,26.0,Yes,Yes,18.3,18.3,#ae600c, Orange,,,No,,,,,,,,,,,,,,,,,,,,,,,,,,,,,,,
PLATE_02,P2,SAM_D2_0702_A2,Pleurotus ostreatus,High_RH_Old_Contaminated,1.0,PLATE_02_P2.mzML,,D2,02/07/2026,A2,1adbaf60-9206-11f1-9518-87ccf2fafc79,02/07/2026,1adbaf60-9206-11f1-9518-87ccf2fafc79,83046776-8cb4-4298-ae63-fc805f540927,2026-08-29T19:04:24.000Z,2026-08-29T19:04:27.000Z,A2,A2,28.0,No,3.0,26.0,Yes,Yes,18.3,18.3,#ae600c, Orange,,,No,,,,,,,,,,,,,,,,,,,,,,,,,,,,,,,
PLATE_02,P3,SAM_D3_0702_A2,Pleurotus ostreatus,High_RH_Old_Contaminated,1.0,PLATE_02_P3.mzML,,D3,02/07/2026,A2,1adbaf60-9206-11f1-9518-87ccf2fafc79,02/07/2026,1adbaf60-9206-11f1-9518-87ccf2fafc79,83046776-8cb4-4298-ae63-fc805f540927,2026-08-29T19:04:24.000Z,2026-08-29T19:04:27.000Z,A2,A2,28.0,No,3.0,26.0,Yes,Yes,18.3,18.3,#ae600c, Orange,,,No,,,,,,,,,,,,,,,,,,,,,,,,,,,,,,,
PLATE_02,P4,SAM_D4_0702_A2,Pleurotus ostreatus,High_RH_Old_Contaminated,1.0,PLATE_02_P4.mzML,,D4,02/07/2026,A2,1adbaf60-9206-11f1-9518-87ccf2fafc79,02/07/2026,1adbaf60-9206-11f1-9518-87ccf2fafc79,83046776-8cb4-4298-ae63-fc805f540927,2026-08-29T19:04:24.000Z,2026-08-29T19:04:27.000Z,A2,A2,28.0,No,3.0,26.0,Yes,Yes,18.3,18.3,#ae600c, Orange,,,No,,,,,,,,,,,,,,,,,,,,,,,,,,,,,,,
PLATE_02,P5,SAM_D5_0702_A2,Pleurotus ostreatus,High_RH_Old_Contaminated,1.0,PLATE_02_P5.mzML,,D5,02/07/2026,A2,1adbaf60-9206-11f1-9518-87ccf2fafc79,02/07/2026,1adbaf60-9206-11f1-9518-87ccf2fafc79,83046776-8cb4-4298-ae63-fc805f540927,2026-08-29T19:04:24.000Z,2026-08-29T19:04:27.000Z,A2,A2,28.0,No,3.0,26.0,Yes,Yes,18.3,18.3,#ae600c, Orange,,,No,,,,,,,,,,,,,,,,,,,,,,,,,,,,,,,
PLATE_02,P6,SAM_D6_0702_A2,Pleurotus ostreatus,High_RH_Old_Contaminated,1.0,PLATE_02_P6.mzML,"Video 14, yellow exudate",D6,02/07/2026,A2,1adbaf60-9206-11f1-9518-87ccf2fafc79,02/07/2026,1adbaf60-9206-11f1-9518-87ccf2fafc79,83046776-8cb4-4298-ae63-fc805f540927,2026-08-29T19:04:24.000Z,2026-08-29T19:04:27.000Z,A2,A2,28.0,No,3.0,26.0,Yes,Yes,18.3,18.3,#ae600c, Orange,,,No,,,,,,,,,,,,,,,,,,,,,,,,,,,,,,,
PLATE_02,P7,SAM_D6_0702_A2,Pleurotus ostreatus,High_RH_Old_Contaminated,2.0,PLATE_02_P7.mzML,"Video 14, yellow exudate",D6,02/07/2026,A2,1adbaf60-9206-11f1-9518-87ccf2fafc79,02/07/2026,1adbaf60-9206-11f1-9518-87ccf2fafc79,83046776-8cb4-4298-ae63-fc805f540927,2026-08-29T19:04:24.000Z,2026-08-29T19:04:27.000Z,A2,A2,28.0,No,3.0,26.0,Yes,Yes,18.3,18.3,#ae600c, Orange,,,No,,,,,,,,,,,,,,,,,,,,,,,,,,,,,,,
PLATE_02,P8,SAM_D6_0702_A2,Pleurotus ostreatus,High_RH_Old_Contaminated,3.0,PLATE_02_P8.mzML,"Video 14, yellow exudate",D6,02/07/2026,A2,1adbaf60-9206-11f1-9518-87ccf2fafc79,02/07/2026,1adbaf60-9206-11f1-9518-87ccf2fafc79,83046776-8cb4-4298-ae63-fc805f540927,2026-08-29T19:04:24.000Z,2026-08-29T19:04:27.000Z,A2,A2,28.0,No,3.0,26.0,Yes,Yes,18.3,18.3,#ae600c, Orange,,,No,,,,,,,,,,,,,,,,,,,,,,,,,,,,,,,
PLATE_02,P9,SAM_D6_0702_A2,Pleurotus ostreatus,High_RH_Old_Contaminated,4.0,PLATE_02_P9.mzML,"Video 14, yellow exudate",D6,02/07/2026,A2,1adbaf60-9206-11f1-9518-87ccf2fafc79,02/07/2026,1adbaf60-9206-11f1-9518-87ccf2fafc79,83046776-8cb4-4298-ae63-fc805f540927,2026-08-29T19:04:24.000Z,2026-08-29T19:04:27.000Z,A2,A2,28.0,No,3.0,26.0,Yes,Yes,18.3,18.3,#ae600c, Orange,,,No,,,,,,,,,,,,,,,,,,,,,,,,,,,,,,,
PLATE_02,P10,SAM_D6_0702_A2,Pleurotus ostreatus,High_RH_Old_Contaminated,5.0,PLATE_02_P10.mzML,"Video 14, yellow exudate",D6,02/07/2026,A2,1adbaf60-9206-11f1-9518-87ccf2fafc79,02/07/2026,1adbaf60-9206-11f1-9518-87ccf2fafc79,83046776-8cb4-4298-ae63-fc805f540927,2026-08-29T19:04:24.000Z,2026-08-29T19:04:27.000Z,A2,A2,28.0,No,3.0,26.0,Yes,Yes,18.3,18.3,#ae600c, Orange,,,No,,,,,,,,,,,,,,,,,,,,,,,,,,,,,,,
PLATE_02,P11,SAM_D6_0702_A2,Pleurotus ostreatus,High_RH_Old_Contaminated,6.0,PLATE_02_P11.mzML,"Video 14, yellow exudate",D6,02/07/2026,A2,1adbaf60-9206-11f1-9518-87ccf2fafc79,02/07/2026,1adbaf60-9206-11f1-9518-87ccf2fafc79,83046776-8cb4-4298-ae63-fc805f540927,2026-08-29T19:04:24.000Z,2026-08-29T19:04:27.000Z,A2,A2,28.0,No,3.0,26.0,Yes,Yes,18.3,18.3,#ae600c, Orange,,,No,,,,,,,,,,,,,,,,,,,,,,,,,,,,,,,
PLATE_02,P12,SAM_D6_0702_A2,Pleurotus ostreatus,High_RH_Old_Contaminated,7.0,PLATE_02_P12.mzML,"Video 14, yellow exudate, had mycelium",D6,02/07/2026,A2,1adbaf60-9206-11f1-9518-87ccf2fafc79,02/07/2026,1adbaf60-9206-11f1-9518-87ccf2fafc79,83046776-8cb4-4298-ae63-fc805f540927,2026-08-29T19:04:24.000Z,2026-08-29T19:04:27.000Z,A2,A2,28.0,No,3.0,26.0,Yes,Yes,18.3,18.3,#ae600c, Orange,,,No,,,,,,,,,,,,,,,,,,,,,,,,,,,,,,,
PLATE_02,P13,SAM_D7_0702_A2,Pleurotus ostreatus,High_RH_Old_Contaminated,1.0,PLATE_02_P13.mzML,,D7,02/07/2026,A2,1adbaf60-9206-11f1-9518-87ccf2fafc79,02/07/2026,1adbaf60-9206-11f1-9518-87ccf2fafc79,83046776-8cb4-4298-ae63-fc805f540927,2026-08-29T19:04:24.000Z,2026-08-29T19:04:27.000Z,A2,A2,28.0,No,3.0,26.0,Yes,Yes,18.3,18.3,#ae600c, Orange,,,No,,,,,,,,,,,,,,,,,,,,,,,,,,,,,,,
PLATE_02,P14,SAM_D7_0702_A2,Pleurotus ostreatus,High_RH_Old_Contaminated,2.0,PLATE_02_P14.mzML,,D7,02/07/2026,A2,1adbaf60-9206-11f1-9518-87ccf2fafc79,02/07/2026,1adbaf60-9206-11f1-9518-87ccf2fafc79,83046776-8cb4-4298-ae63-fc805f540927,2026-08-29T19:04:24.000Z,2026-08-29T19:04:27.000Z,A2,A2,28.0,No,3.0,26.0,Yes,Yes,18.3,18.3,#ae600c, Orange,,,No,,,,,,,,,,,,,,,,,,,,,,,,,,,,,,,
PLATE_02,P15,SAM_D8_0702_A2,Pleurotus ostreatus,High_RH_Old_Contaminated,1.0,PLATE_02_P15.mzML,,D8,02/07/2026,A2,1adbaf60-9206-11f1-9518-87ccf2fafc79,02/07/2026,1adbaf60-9206-11f1-9518-87ccf2fafc79,83046776-8cb4-4298-ae63-fc805f540927,2026-08-29T19:04:24.000Z,2026-08-29T19:04:27.000Z,A2,A2,28.0,No,3.0,26.0,Yes,Yes,18.3,18.3,#ae600c, Orange,,,No,,,,,,,,,,,,,,,,,,,,,,,,,,,,,,,
PLATE_02,P16,SAM_D9_0702_A2,Pleurotus ostreatus,High_RH_Old_Contaminated,1.0,PLATE_02_P16.mzML,,D9,02/07/2026,A2,1adbaf60-9206-11f1-9518-87ccf2fafc79,02/07/2026,1adbaf60-9206-11f1-9518-87ccf2fafc79,83046776-8cb4-4298-ae63-fc805f540927,2026-08-29T19:04:24.000Z,2026-08-29T19:04:27.000Z,A2,A2,28.0,No,3.0,26.0,Yes,Yes,18.3,18.3,#ae600c, Orange,,,No,,,,,,,,,,,,,,,,,,,,,,,,,,,,,,,
PLATE_02,P17,SAM_D9_0702_A2,Pleurotus ostreatus,High_RH_Old_Contaminated,2.0,PLATE_02_P17.mzML,,D9,02/07/2026,A2,1adbaf60-9206-11f1-9518-87ccf2fafc79,02/07/2026,1adbaf60-9206-11f1-9518-87ccf2fafc79,83046776-8cb4-4298-ae63-fc805f540927,2026-08-29T19:04:24.000Z,2026-08-29T19:04:27.000Z,A2,A2,28.0,No,3.0,26.0,Yes,Yes,18.3,18.3,#ae600c, Orange,,,No,,,,,,,,,,,,,,,,,,,,,,,,,,,,,,,
PLATE_02,P18,SAM_D10_0702_A2,Pleurotus ostreatus,High_RH_Old_Contaminated,1.0,PLATE_02_P18.mzML,,D10,02/07/2026,A2,1adbaf60-9206-11f1-9518-87ccf2fafc79,02/07/2026,1adbaf60-9206-11f1-9518-87ccf2fafc79,83046776-8cb4-4298-ae63-fc805f540927,2026-08-29T19:04:24.000Z,2026-08-29T19:04:27.000Z,A2,A2,28.0,No,3.0,26.0,Yes,Yes,18.3,18.3,#ae600c, Orange,,,No,,,,,,,,,,,,,,,,,,,,,,,,,,,,,,,
PLATE_02,P19,SAM_D10_0702_A2,Pleurotus ostreatus,High_RH_Old_Contaminated,2.0,PLATE_02_P19.mzML,,D10,02/07/2026,A2,1adbaf60-9206-11f1-9518-87ccf2fafc79,02/07/2026,1adbaf60-9206-11f1-9518-87ccf2fafc79,83046776-8cb4-4298-ae63-fc805f540927,2026-08-29T19:04:24.000Z,2026-08-29T19:04:27.000Z,A2,A2,28.0,No,3.0,26.0,Yes,Yes,18.3,18.3,#ae600c, Orange,,,No,,,,,,,,,,,,,,,,,,,,,,,,,,,,,,,
